bottom_left_x,bottom_left_y,top_left_x,top_left_y,top_right_x,top_right_y,bottom_right_x,bottom_right_y,starbucks,cu,seven11,gs25,olive0,mcdonalds
37.5552487,126.7700584,37.5701913,126.7700584,37.5701913,126.7790515,37.5552487,126.7790515,0,0,0,0,0,0
37.5552487,126.7790515,37.5701913,126.7790515,37.5701913,126.78804459999999,37.5552487,126.78804459999999,0,0,0,0,0,0
37.5552487,126.7880446,37.5701913,126.7880446,37.5701913,126.7970377,37.5552487,126.7970377,0,0,0,0,0,0
37.5701913,126.7880446,37.585133899999995,126.7880446,37.585133899999995,126.7970377,37.5701913,126.7970377,0,0,0,0,0,0
37.5403061,126.7970377,37.5552487,126.7970377,37.5552487,126.8060308,37.5403061,126.8060308,0,0,0,0,0,0
37.5552487,126.7970377,37.5701913,126.7970377,37.5701913,126.8060308,37.5552487,126.8060308,0,0,0,0,0,0
37.5701913,126.7970377,37.585133899999995,126.7970377,37.585133899999995,126.8060308,37.5701913,126.8060308,0,0,1,0,1,0
37.5851339,126.7970377,37.6000765,126.7970377,37.6000765,126.8060308,37.5851339,126.8060308,0,0,0,0,0,0
37.5552487,126.8060308,37.5701913,126.8060308,37.5701913,126.8150239,37.5552487,126.8150239,0,2,0,0,1,1
37.5701913,126.8060308,37.585133899999995,126.8060308,37.585133899999995,126.8150239,37.5701913,126.8150239,0,0,0,1,1,0
37.5851339,126.8060308,37.6000765,126.8060308,37.6000765,126.8150239,37.5851339,126.8150239,0,0,0,0,0,0
37.6000765,126.8060308,37.6150191,126.8060308,37.6150191,126.8150239,37.6000765,126.8150239,0,0,0,0,0,0
37.5552487,126.8150239,37.5701913,126.8150239,37.5701913,126.824017,37.5552487,126.824017,0,0,2,0,1,0
37.4954783,126.8150239,37.5104209,126.8150239,37.5104209,126.824017,37.4954783,126.824017,0,0,0,0,0,0
37.5851339,126.8150239,37.6000765,126.8150239,37.6000765,126.824017,37.5851339,126.824017,0,0,0,0,0,0
37.5701913,126.8150239,37.585133899999995,126.8150239,37.585133899999995,126.824017,37.5701913,126.824017,1,0,0,1,0,0
37.4805357,126.824017,37.495478299999995,126.824017,37.495478299999995,126.8330101,37.4805357,126.8330101,0,0,0,0,0,0
37.4954783,126.824017,37.5104209,126.824017,37.5104209,126.8330101,37.4954783,126.8330101,0,0,0,0,0,0
37.5403061,126.824017,37.5552487,126.824017,37.5552487,126.8330101,37.5403061,126.8330101,0,0,0,0,0,0
37.5552487,126.824017,37.5701913,126.824017,37.5701913,126.8330101,37.5552487,126.8330101,1,4,5,2,1,0
37.5701913,126.824017,37.585133899999995,126.824017,37.585133899999995,126.8330101,37.5701913,126.8330101,0,0,1,0,0,0
37.5851339,126.824017,37.6000765,126.824017,37.6000765,126.8330101,37.5851339,126.8330101,0,0,0,0,0,0
37.4954783,126.8330101,37.5104209,126.8330101,37.5104209,126.8420032,37.4954783,126.8420032,0,0,0,0,0,0
37.4805357,126.8330101,37.495478299999995,126.8330101,37.495478299999995,126.8420032,37.4805357,126.8420032,0,0,1,1,1,0
37.5701913,126.8330101,37.585133899999995,126.8330101,37.585133899999995,126.8420032,37.5701913,126.8420032,0,1,1,1,0,0
37.5104209,126.8330101,37.5253635,126.8330101,37.5253635,126.8420032,37.5104209,126.8420032,0,0,0,0,1,1
37.5552487,126.8330101,37.5701913,126.8330101,37.5701913,126.8420032,37.5552487,126.8420032,4,5,2,1,4,0
37.5403061,126.8330101,37.5552487,126.8330101,37.5552487,126.8420032,37.5403061,126.8420032,2,2,1,1,2,1
37.5253635,126.8330101,37.540306099999995,126.8330101,37.540306099999995,126.8420032,37.5253635,126.8420032,0,1,1,1,0,0
37.4805357,126.8420032,37.495478299999995,126.8420032,37.495478299999995,126.85099629999999,37.4805357,126.85099629999999,0,1,1,0,0,0
37.4954783,126.8420032,37.5104209,126.8420032,37.5104209,126.85099629999999,37.4954783,126.85099629999999,1,0,1,1,1,0
37.5104209,126.8420032,37.5253635,126.8420032,37.5253635,126.85099629999999,37.5104209,126.85099629999999,0,0,0,1,0,0
37.5253635,126.8420032,37.540306099999995,126.8420032,37.540306099999995,126.85099629999999,37.5253635,126.85099629999999,1,3,3,6,1,0
37.5403061,126.8420032,37.5552487,126.8420032,37.5552487,126.85099629999999,37.5403061,126.85099629999999,0,0,3,2,1,0
37.5552487,126.8420032,37.5701913,126.8420032,37.5701913,126.85099629999999,37.5552487,126.85099629999999,1,1,1,1,1,0
37.5701913,126.8420032,37.585133899999995,126.8420032,37.585133899999995,126.85099629999999,37.5701913,126.85099629999999,0,0,0,0,0,0
37.4954783,126.8509963,37.5104209,126.8509963,37.5104209,126.8599894,37.4954783,126.8599894,0,0,0,1,0,0
37.5104209,126.8509963,37.5253635,126.8509963,37.5253635,126.8599894,37.5104209,126.8599894,1,1,2,1,2,0
37.5253635,126.8509963,37.540306099999995,126.8509963,37.540306099999995,126.8599894,37.5253635,126.8599894,0,0,1,0,0,0
37.5403061,126.8509963,37.5552487,126.8509963,37.5552487,126.8599894,37.5403061,126.8599894,0,1,0,1,0,0
37.5552487,126.8509963,37.5701913,126.8509963,37.5701913,126.8599894,37.5552487,126.8599894,1,0,1,0,2,1
37.5701913,126.8509963,37.585133899999995,126.8509963,37.585133899999995,126.8599894,37.5701913,126.8599894,0,0,0,0,0,0
37.4954783,126.8599894,37.5104209,126.8599894,37.5104209,126.8689825,37.4954783,126.8689825,0,1,2,0,0,1
37.5104209,126.8599894,37.5253635,126.8599894,37.5253635,126.8689825,37.5104209,126.8689825,1,1,1,2,1,1
37.5253635,126.8599894,37.540306099999995,126.8599894,37.540306099999995,126.8689825,37.5253635,126.8689825,3,1,2,0,1,1
37.5403061,126.8599894,37.5552487,126.8599894,37.5552487,126.8689825,37.5403061,126.8689825,0,1,1,3,1,0
37.5552487,126.8599894,37.5701913,126.8599894,37.5701913,126.8689825,37.5552487,126.8689825,1,0,1,0,1,0
37.5701913,126.8599894,37.585133899999995,126.8599894,37.585133899999995,126.8689825,37.5701913,126.8689825,0,0,0,0,0,0
37.5253635,126.8689825,37.540306099999995,126.8689825,37.540306099999995,126.8779756,37.5253635,126.8779756,5,1,1,0,1,0
37.5104209,126.8689825,37.5253635,126.8689825,37.5253635,126.8779756,37.5104209,126.8779756,1,3,2,1,2,0
37.4954783,126.8689825,37.5104209,126.8689825,37.5104209,126.8779756,37.4954783,126.8779756,0,0,0,1,1,0
37.5701913,126.8689825,37.585133899999995,126.8689825,37.585133899999995,126.8779756,37.5701913,126.8779756,0,0,0,0,0,0
37.5552487,126.8689825,37.5701913,126.8689825,37.5701913,126.8779756,37.5552487,126.8779756,0,0,0,0,0,0
37.5403061,126.8689825,37.5552487,126.8689825,37.5552487,126.8779756,37.5403061,126.8779756,1,0,1,1,1,1
37.4954783,126.8779756,37.5104209,126.8779756,37.5104209,126.8869687,37.4954783,126.8869687,2,0,0,1,1,0
37.5253635,126.8779756,37.540306099999995,126.8779756,37.540306099999995,126.8869687,37.5253635,126.8869687,3,1,1,1,0,1
37.4805357,126.8779756,37.495478299999995,126.8779756,37.495478299999995,126.8869687,37.4805357,126.8869687,2,0,0,0,0,1
37.5104209,126.8779756,37.5253635,126.8779756,37.5253635,126.8869687,37.5104209,126.8869687,0,0,0,1,0,0
37.5701913,126.8779756,37.585133899999995,126.8779756,37.585133899999995,126.8869687,37.5701913,126.8869687,0,0,1,0,0,0
37.5851339,126.8779756,37.6000765,126.8779756,37.6000765,126.8869687,37.5851339,126.8869687,0,0,0,0,0,0
37.5552487,126.8779756,37.5701913,126.8779756,37.5701913,126.8869687,37.5552487,126.8869687,0,0,0,0,0,0
37.5403061,126.8779756,37.5552487,126.8779756,37.5552487,126.8869687,37.5403061,126.8869687,0,0,0,0,0,0
37.5104209,126.8869687,37.5253635,126.8869687,37.5253635,126.8959618,37.5104209,126.8959618,1,1,0,5,2,0
37.4655931,126.8869687,37.4805357,126.8869687,37.4805357,126.8959618,37.4655931,126.8959618,3,2,2,0,2,1
37.4805357,126.8869687,37.495478299999995,126.8869687,37.495478299999995,126.8959618,37.4805357,126.8959618,4,2,0,0,0,1
37.5403061,126.8869687,37.5552487,126.8869687,37.5552487,126.8959618,37.5403061,126.8959618,0,0,0,2,0,0
37.4954783,126.8869687,37.5104209,126.8869687,37.5104209,126.8959618,37.4954783,126.8959618,2,1,2,3,3,2
37.5552487,126.8869687,37.5701913,126.8869687,37.5701913,126.8959618,37.5552487,126.8959618,0,0,0,0,0,0
37.5701913,126.8869687,37.585133899999995,126.8869687,37.585133899999995,126.8959618,37.5701913,126.8959618,5,0,3,2,3,1
37.5851339,126.8869687,37.6000765,126.8869687,37.6000765,126.8959618,37.5851339,126.8959618,0,1,0,0,0,0
37.5253635,126.8869687,37.540306099999995,126.8869687,37.540306099999995,126.8959618,37.5253635,126.8959618,1,4,1,2,1,1
37.4954783,126.8959618,37.5104209,126.8959618,37.5104209,126.90495489999999,37.4954783,126.90495489999999,0,2,1,0,0,0
37.5104209,126.8959618,37.5253635,126.8959618,37.5253635,126.90495489999999,37.5104209,126.90495489999999,4,2,1,2,2,0
37.4506505,126.8959618,37.4655931,126.8959618,37.4655931,126.90495489999999,37.4506505,126.90495489999999,0,1,0,0,2,0
37.4655931,126.8959618,37.4805357,126.8959618,37.4805357,126.90495489999999,37.4655931,126.90495489999999,1,1,1,1,2,0
37.4805357,126.8959618,37.495478299999995,126.8959618,37.495478299999995,126.90495489999999,37.4805357,126.90495489999999,2,5,1,5,3,0
37.5701913,126.8959618,37.585133899999995,126.8959618,37.585133899999995,126.90495489999999,37.5701913,126.90495489999999,0,0,0,1,0,0
37.5552487,126.8959618,37.5701913,126.8959618,37.5701913,126.90495489999999,37.5552487,126.90495489999999,0,3,4,1,3,0
37.5851339,126.8959618,37.6000765,126.8959618,37.6000765,126.90495489999999,37.5851339,126.90495489999999,0,0,0,0,0,0
37.5403061,126.8959618,37.5552487,126.8959618,37.5552487,126.90495489999999,37.5403061,126.90495489999999,0,0,2,1,0,0
37.5253635,126.8959618,37.540306099999995,126.8959618,37.540306099999995,126.90495489999999,37.5253635,126.90495489999999,4,4,2,2,1,0
37.4805357,126.9049549,37.495478299999995,126.9049549,37.495478299999995,126.913948,37.4805357,126.913948,1,1,1,1,2,0
37.4506505,126.9049549,37.4655931,126.9049549,37.4655931,126.913948,37.4506505,126.913948,0,0,0,0,1,0
37.5552487,126.9049549,37.5701913,126.9049549,37.5701913,126.913948,37.5552487,126.913948,1,2,2,3,1,1
37.5253635,126.9049549,37.540306099999995,126.9049549,37.540306099999995,126.913948,37.5253635,126.913948,1,0,2,0,0,0
37.5104209,126.9049549,37.5253635,126.9049549,37.5253635,126.913948,37.5104209,126.913948,2,3,3,2,3,1
37.4357079,126.9049549,37.450650499999995,126.9049549,37.450650499999995,126.913948,37.4357079,126.913948,0,0,0,0,0,0
37.4655931,126.9049549,37.4805357,126.9049549,37.4805357,126.913948,37.4655931,126.913948,0,0,0,0,0,0
37.4954783,126.9049549,37.5104209,126.9049549,37.5104209,126.913948,37.4954783,126.913948,0,1,1,0,0,0
37.6000765,126.9049549,37.6150191,126.9049549,37.6150191,126.913948,37.6000765,126.913948,0,2,1,0,0,0
37.6150191,126.9049549,37.629961699999996,126.9049549,37.629961699999996,126.913948,37.6150191,126.913948,0,0,0,0,0,0
37.5851339,126.9049549,37.6000765,126.9049549,37.6000765,126.913948,37.5851339,126.913948,0,1,0,2,0,0
37.5701913,126.9049549,37.585133899999995,126.9049549,37.585133899999995,126.913948,37.5701913,126.913948,0,2,0,1,1,0
37.5403061,126.9049549,37.5552487,126.9049549,37.5552487,126.913948,37.5403061,126.913948,1,2,4,3,2,0
37.5403061,126.913948,37.5552487,126.913948,37.5552487,126.9229411,37.5403061,126.9229411,5,6,11,12,4,2
37.4506505,126.913948,37.4655931,126.913948,37.4655931,126.9229411,37.4506505,126.9229411,0,0,0,0,0,0
37.4655931,126.913948,37.4805357,126.913948,37.4805357,126.9229411,37.4655931,126.9229411,0,1,0,3,0,0
37.4805357,126.913948,37.495478299999995,126.913948,37.495478299999995,126.9229411,37.4805357,126.9229411,0,1,4,4,0,0
37.4954783,126.913948,37.5104209,126.913948,37.5104209,126.9229411,37.4954783,126.9229411,0,1,0,1,1,1
37.5253635,126.913948,37.540306099999995,126.913948,37.540306099999995,126.9229411,37.5253635,126.9229411,5,1,3,2,2,0
37.5701913,126.913948,37.585133899999995,126.913948,37.585133899999995,126.9229411,37.5701913,126.9229411,2,2,0,0,1,0
37.5552487,126.913948,37.5701913,126.913948,37.5701913,126.9229411,37.5552487,126.9229411,1,7,6,8,1,0
37.5851339,126.913948,37.6000765,126.913948,37.6000765,126.9229411,37.5851339,126.9229411,0,3,1,1,3,0
37.6000765,126.913948,37.6150191,126.913948,37.6150191,126.9229411,37.6000765,126.9229411,2,0,2,0,1,2
37.6150191,126.913948,37.629961699999996,126.913948,37.629961699999996,126.9229411,37.6150191,126.9229411,2,1,3,1,3,1
37.6299617,126.913948,37.6449043,126.913948,37.6449043,126.9229411,37.6299617,126.9229411,2,1,0,0,2,0
37.5104209,126.913948,37.5253635,126.913948,37.5253635,126.9229411,37.5104209,126.9229411,0,0,1,0,1,0
37.4954783,126.9229411,37.5104209,126.9229411,37.5104209,126.9319342,37.4954783,126.9319342,1,2,1,0,1,0
37.4805357,126.9229411,37.495478299999995,126.9229411,37.495478299999995,126.9319342,37.4805357,126.9319342,5,3,7,6,5,1
37.5104209,126.9229411,37.5253635,126.9229411,37.5253635,126.9319342,37.5104209,126.9319342,10,1,2,3,3,1
37.4506505,126.9229411,37.4655931,126.9229411,37.4655931,126.9319342,37.4506505,126.9319342,0,0,0,0,0,0
37.4655931,126.9229411,37.4805357,126.9229411,37.4805357,126.9319342,37.4655931,126.9319342,0,0,0,0,0,0
37.5253635,126.9229411,37.540306099999995,126.9229411,37.540306099999995,126.9319342,37.5253635,126.9319342,1,1,1,1,0,0
37.5403061,126.9229411,37.5552487,126.9229411,37.5552487,126.9319342,37.5403061,126.9319342,4,5,1,2,1,0
37.5552487,126.9229411,37.5701913,126.9229411,37.5701913,126.9319342,37.5552487,126.9319342,3,6,8,10,6,0
37.6299617,126.9229411,37.6449043,126.9229411,37.6449043,126.9319342,37.6299617,126.9319342,0,0,1,0,0,0
37.6449043,126.9229411,37.6598469,126.9229411,37.6598469,126.9319342,37.6449043,126.9319342,0,0,0,0,0,0
37.5701913,126.9229411,37.585133899999995,126.9229411,37.585133899999995,126.9319342,37.5701913,126.9319342,0,0,0,0,1,1
37.6150191,126.9229411,37.629961699999996,126.9229411,37.629961699999996,126.9319342,37.6150191,126.9319342,0,1,0,0,0,0
37.6000765,126.9229411,37.6150191,126.9229411,37.6150191,126.9319342,37.6000765,126.9319342,2,4,3,2,3,0
37.5851339,126.9229411,37.6000765,126.9229411,37.6000765,126.9319342,37.5851339,126.9319342,0,1,0,0,0,0
37.4506505,126.9319342,37.4655931,126.9319342,37.4655931,126.9409273,37.4506505,126.9409273,0,0,0,0,0,0
37.4655931,126.9319342,37.4805357,126.9319342,37.4805357,126.9409273,37.4655931,126.9409273,0,2,4,4,1,0
37.4805357,126.9319342,37.495478299999995,126.9319342,37.495478299999995,126.9409273,37.4805357,126.9409273,0,1,2,1,0,0
37.4954783,126.9319342,37.5104209,126.9319342,37.5104209,126.9409273,37.4954783,126.9409273,0,1,1,0,1,0
37.5104209,126.9319342,37.5253635,126.9319342,37.5253635,126.9409273,37.5104209,126.9409273,1,3,0,1,1,0
37.5253635,126.9319342,37.540306099999995,126.9319342,37.540306099999995,126.9409273,37.5253635,126.9409273,0,0,0,0,0,0
37.5403061,126.9319342,37.5552487,126.9319342,37.5552487,126.9409273,37.5403061,126.9409273,2,3,2,4,2,0
37.5552487,126.9319342,37.5701913,126.9319342,37.5701913,126.9409273,37.5552487,126.9409273,4,3,5,3,5,1
37.5701913,126.9319342,37.585133899999995,126.9319342,37.585133899999995,126.9409273,37.5701913,126.9409273,0,1,2,0,0,0
37.5851339,126.9319342,37.6000765,126.9319342,37.6000765,126.9409273,37.5851339,126.9409273,0,0,1,0,0,0
37.6000765,126.9319342,37.6150191,126.9319342,37.6150191,126.9409273,37.6000765,126.9409273,0,0,0,1,0,0
37.6150191,126.9319342,37.629961699999996,126.9319342,37.629961699999996,126.9409273,37.6150191,126.9409273,0,0,0,0,0,0
37.6299617,126.9319342,37.6449043,126.9319342,37.6449043,126.9409273,37.6299617,126.9409273,0,1,0,0,0,0
37.6449043,126.9319342,37.6598469,126.9319342,37.6598469,126.9409273,37.6449043,126.9409273,0,0,0,0,0,0
37.4506505,126.9409273,37.4655931,126.9409273,37.4655931,126.9499204,37.4506505,126.9499204,0,0,0,0,0,0
37.4655931,126.9409273,37.4805357,126.9409273,37.4805357,126.9499204,37.4655931,126.9499204,0,0,1,0,0,0
37.4805357,126.9409273,37.495478299999995,126.9409273,37.495478299999995,126.9499204,37.4805357,126.9499204,0,1,3,2,1,0
37.4954783,126.9409273,37.5104209,126.9409273,37.5104209,126.9499204,37.4954783,126.9499204,1,2,6,0,1,0
37.5104209,126.9409273,37.5253635,126.9409273,37.5253635,126.9499204,37.5104209,126.9499204,1,1,2,3,1,1
37.5253635,126.9409273,37.540306099999995,126.9409273,37.540306099999995,126.9499204,37.5253635,126.9499204,0,1,1,1,1,0
37.5403061,126.9409273,37.5552487,126.9409273,37.5552487,126.9499204,37.5403061,126.9499204,5,2,1,1,2,1
37.5552487,126.9409273,37.5701913,126.9409273,37.5701913,126.9499204,37.5552487,126.9499204,4,0,1,2,2,0
37.5701913,126.9409273,37.585133899999995,126.9409273,37.585133899999995,126.9499204,37.5701913,126.9499204,0,0,0,0,0,0
37.5851339,126.9409273,37.6000765,126.9409273,37.6000765,126.9499204,37.5851339,126.9499204,1,2,0,2,1,1
37.6000765,126.9409273,37.6150191,126.9409273,37.6150191,126.9499204,37.6000765,126.9499204,0,0,0,0,0,0
37.6150191,126.9409273,37.629961699999996,126.9409273,37.629961699999996,126.9499204,37.6150191,126.9499204,0,0,0,0,0,0
37.6299617,126.9409273,37.6449043,126.9409273,37.6449043,126.9499204,37.6299617,126.9499204,0,0,0,0,0,0
37.6449043,126.9409273,37.6598469,126.9409273,37.6598469,126.9499204,37.6449043,126.9499204,0,0,0,0,0,0
37.4506505,126.9499204,37.4655931,126.9499204,37.4655931,126.9589135,37.4506505,126.9589135,0,0,0,0,0,0
37.4655931,126.9499204,37.4805357,126.9499204,37.4805357,126.9589135,37.4655931,126.9589135,1,3,1,2,1,0
37.4805357,126.9499204,37.495478299999995,126.9499204,37.495478299999995,126.9589135,37.4805357,126.9589135,3,1,6,3,3,1
37.4954783,126.9499204,37.5104209,126.9499204,37.5104209,126.9589135,37.4954783,126.9589135,2,3,1,0,2,1
37.5104209,126.9499204,37.5253635,126.9499204,37.5253635,126.9589135,37.5104209,126.9589135,0,0,0,0,0,0
37.5253635,126.9499204,37.540306099999995,126.9499204,37.540306099999995,126.9589135,37.5253635,126.9589135,0,3,1,1,0,0
37.5403061,126.9499204,37.5552487,126.9499204,37.5552487,126.9589135,37.5403061,126.9589135,5,2,1,6,3,0
37.5552487,126.9499204,37.5701913,126.9499204,37.5701913,126.9589135,37.5552487,126.9589135,1,2,0,1,0,0
37.5701913,126.9499204,37.585133899999995,126.9499204,37.585133899999995,126.9589135,37.5701913,126.9589135,0,0,0,0,0,0
37.5851339,126.9499204,37.6000765,126.9499204,37.6000765,126.9589135,37.5851339,126.9589135,0,0,0,0,0,0
37.6000765,126.9499204,37.6150191,126.9499204,37.6150191,126.9589135,37.6000765,126.9589135,0,1,0,0,0,0
37.6150191,126.9499204,37.629961699999996,126.9499204,37.629961699999996,126.9589135,37.6150191,126.9589135,0,0,0,0,0,0
37.6299617,126.9499204,37.6449043,126.9499204,37.6449043,126.9589135,37.6299617,126.9589135,0,0,0,0,0,0
37.6449043,126.9499204,37.6598469,126.9499204,37.6598469,126.9589135,37.6449043,126.9589135,0,0,0,0,0,0
37.5403061,126.9589135,37.5552487,126.9589135,37.5552487,126.96790659999999,37.5403061,126.96790659999999,0,1,1,1,1,0
37.4655931,126.9589135,37.4805357,126.9589135,37.4805357,126.96790659999999,37.4655931,126.96790659999999,2,2,2,1,2,0
37.4805357,126.9589135,37.495478299999995,126.9589135,37.495478299999995,126.96790659999999,37.4805357,126.96790659999999,0,0,0,0,0,0
37.4954783,126.9589135,37.5104209,126.9589135,37.5104209,126.96790659999999,37.4954783,126.96790659999999,0,0,0,0,0,0
37.5104209,126.9589135,37.5253635,126.9589135,37.5253635,126.96790659999999,37.5104209,126.96790659999999,0,0,0,0,0,0
37.5253635,126.9589135,37.540306099999995,126.9589135,37.540306099999995,126.96790659999999,37.5253635,126.96790659999999,4,5,2,2,2,0
37.4506505,126.9589135,37.4655931,126.9589135,37.4655931,126.96790659999999,37.4506505,126.96790659999999,0,0,0,0,0,0
37.5552487,126.9589135,37.5701913,126.9589135,37.5701913,126.96790659999999,37.5552487,126.96790659999999,3,4,0,1,0,0
37.5701913,126.9589135,37.585133899999995,126.9589135,37.585133899999995,126.96790659999999,37.5701913,126.96790659999999,1,0,2,2,1,0
37.5851339,126.9589135,37.6000765,126.9589135,37.6000765,126.96790659999999,37.5851339,126.96790659999999,0,1,0,0,0,0
37.6000765,126.9589135,37.6150191,126.9589135,37.6150191,126.96790659999999,37.6000765,126.96790659999999,1,2,1,1,1,0
37.6150191,126.9589135,37.629961699999996,126.9589135,37.629961699999996,126.96790659999999,37.6150191,126.96790659999999,0,0,0,0,0,0
37.6449043,126.9589135,37.6598469,126.9589135,37.6598469,126.96790659999999,37.6449043,126.96790659999999,0,0,0,0,0,0
37.6299617,126.9589135,37.6449043,126.9589135,37.6449043,126.96790659999999,37.6299617,126.96790659999999,0,0,0,0,0,0
37.5253635,126.9679066,37.540306099999995,126.9679066,37.540306099999995,126.9768997,37.5253635,126.9768997,1,0,1,2,1,0
37.4655931,126.9679066,37.4805357,126.9679066,37.4805357,126.9768997,37.4655931,126.9768997,0,0,0,0,0,0
37.4805357,126.9679066,37.495478299999995,126.9679066,37.495478299999995,126.9768997,37.4805357,126.9768997,1,0,0,0,1,0
37.4954783,126.9679066,37.5104209,126.9679066,37.5104209,126.9768997,37.4954783,126.9768997,0,0,0,0,0,0
37.5104209,126.9679066,37.5253635,126.9679066,37.5253635,126.9768997,37.5104209,126.9768997,2,1,0,0,1,0
37.6150191,126.9679066,37.629961699999996,126.9679066,37.629961699999996,126.9768997,37.6150191,126.9768997,0,0,0,0,0,0
37.4506505,126.9679066,37.4655931,126.9679066,37.4655931,126.9768997,37.4506505,126.9768997,0,0,0,0,0,0
37.5552487,126.9679066,37.5701913,126.9679066,37.5701913,126.9768997,37.5552487,126.9768997,12,2,2,1,3,0
37.5701913,126.9679066,37.585133899999995,126.9679066,37.585133899999995,126.9768997,37.5701913,126.9768997,6,3,2,3,1,0
37.5851339,126.9679066,37.6000765,126.9679066,37.6000765,126.9768997,37.5851339,126.9768997,0,0,0,0,0,0
37.6000765,126.9679066,37.6150191,126.9679066,37.6150191,126.9768997,37.6000765,126.9768997,0,0,0,1,0,0
37.6299617,126.9679066,37.6449043,126.9679066,37.6449043,126.9768997,37.6299617,126.9768997,0,0,0,0,0,0
37.5403061,126.9679066,37.5552487,126.9679066,37.5552487,126.9768997,37.5403061,126.9768997,4,4,1,3,4,0
37.5253635,126.9768997,37.540306099999995,126.9768997,37.540306099999995,126.9858928,37.5253635,126.9858928,0,0,0,0,0,0
37.4655931,126.9768997,37.4805357,126.9768997,37.4805357,126.9858928,37.4655931,126.9858928,3,4,3,4,3,0
37.4805357,126.9768997,37.495478299999995,126.9768997,37.495478299999995,126.9858928,37.4805357,126.9858928,3,1,1,2,1,1
37.4954783,126.9768997,37.5104209,126.9768997,37.5104209,126.9858928,37.4954783,126.9858928,0,0,1,0,0,0
37.5104209,126.9768997,37.5253635,126.9768997,37.5253635,126.9858928,37.5104209,126.9858928,1,0,0,0,0,0
37.5403061,126.9768997,37.5552487,126.9768997,37.5552487,126.9858928,37.5403061,126.9858928,0,0,0,0,0,0
37.5552487,126.9768997,37.5701913,126.9768997,37.5701913,126.9858928,37.5552487,126.9858928,19,7,12,9,6,3
37.5851339,126.9768997,37.6000765,126.9768997,37.6000765,126.9858928,37.5851339,126.9858928,1,0,0,0,0,0
37.6000765,126.9768997,37.6150191,126.9768997,37.6150191,126.9858928,37.6000765,126.9858928,0,0,0,0,0,0
37.6150191,126.9768997,37.629961699999996,126.9768997,37.629961699999996,126.9858928,37.6150191,126.9858928,0,0,0,0,0,0
37.6299617,126.9768997,37.6449043,126.9768997,37.6449043,126.9858928,37.6299617,126.9858928,0,0,0,0,0,0
37.5701913,126.9768997,37.585133899999995,126.9768997,37.585133899999995,126.9858928,37.5701913,126.9858928,7,2,3,7,3,2
37.5253635,126.9858928,37.540306099999995,126.9858928,37.540306099999995,126.9948859,37.5253635,126.9948859,2,2,2,3,2,1
37.4655931,126.9858928,37.4805357,126.9858928,37.4805357,126.9948859,37.4655931,126.9948859,0,1,0,1,1,0
37.5552487,126.9858928,37.5701913,126.9858928,37.5701913,126.9948859,37.5552487,126.9948859,6,2,3,6,2,0
37.4954783,126.9858928,37.5104209,126.9858928,37.5104209,126.9948859,37.4954783,126.9948859,0,0,0,0,0,0
37.5104209,126.9858928,37.5253635,126.9858928,37.5253635,126.9948859,37.5104209,126.9948859,0,0,0,1,0,0
37.5403061,126.9858928,37.5552487,126.9858928,37.5552487,126.9948859,37.5403061,126.9948859,1,0,1,0,1,0
37.6299617,126.9858928,37.6449043,126.9858928,37.6449043,126.9948859,37.6299617,126.9948859,0,0,0,0,0,0
37.5701913,126.9858928,37.585133899999995,126.9858928,37.585133899999995,126.9948859,37.5701913,126.9948859,3,2,3,3,1,1
37.6000765,126.9858928,37.6150191,126.9858928,37.6150191,126.9948859,37.6000765,126.9948859,0,0,0,0,0,0
37.6150191,126.9858928,37.629961699999996,126.9858928,37.629961699999996,126.9948859,37.6150191,126.9948859,0,0,0,0,0,0
37.6449043,126.9858928,37.6598469,126.9858928,37.6598469,126.9948859,37.6449043,126.9948859,0,0,0,0,0,0
37.5851339,126.9858928,37.6000765,126.9858928,37.6000765,126.9948859,37.5851339,126.9948859,0,1,0,0,0,0
37.4805357,126.9858928,37.495478299999995,126.9858928,37.495478299999995,126.9948859,37.4805357,126.9948859,2,2,3,4,2,0
37.5552487,126.9948859,37.5701913,126.9948859,37.5701913,127.003879,37.5552487,127.003879,1,6,0,2,2,0
37.4655931,126.9948859,37.4805357,126.9948859,37.4805357,127.003879,37.4655931,127.003879,1,0,0,0,0,0
37.4805357,126.9948859,37.495478299999995,126.9948859,37.495478299999995,127.003879,37.4805357,127.003879,2,1,2,1,1,1
37.4954783,126.9948859,37.5104209,126.9948859,37.5104209,127.003879,37.4954783,127.003879,3,4,1,4,1,0
37.5104209,126.9948859,37.5253635,126.9948859,37.5253635,127.003879,37.5104209,127.003879,0,0,0,2,0,0
37.5253635,126.9948859,37.540306099999995,126.9948859,37.540306099999995,127.003879,37.5253635,127.003879,1,4,4,4,0,0
37.5403061,126.9948859,37.5552487,126.9948859,37.5552487,127.003879,37.5403061,127.003879,0,0,0,0,0,0
37.5701913,126.9948859,37.585133899999995,126.9948859,37.585133899999995,127.003879,37.5701913,127.003879,4,4,2,2,3,2
37.6000765,126.9948859,37.6150191,126.9948859,37.6150191,127.003879,37.6000765,127.003879,0,0,0,0,0,0
37.6150191,126.9948859,37.629961699999996,126.9948859,37.629961699999996,127.003879,37.6150191,127.003879,0,0,0,0,0,0
37.6299617,126.9948859,37.6449043,126.9948859,37.6449043,127.003879,37.6299617,127.003879,0,0,0,0,0,0
37.6449043,126.9948859,37.6598469,126.9948859,37.6598469,127.003879,37.6449043,127.003879,0,0,0,0,0,0
37.6598469,126.9948859,37.674789499999996,126.9948859,37.674789499999996,127.003879,37.6598469,127.003879,0,0,0,0,0,0
37.6747895,126.9948859,37.6897321,126.9948859,37.6897321,127.003879,37.6747895,127.003879,0,0,0,0,0,0
37.5851339,126.9948859,37.6000765,126.9948859,37.6000765,127.003879,37.5851339,127.003879,0,0,4,0,0,0
37.5552487,127.003879,37.5701913,127.003879,37.5701913,127.0128721,37.5552487,127.0128721,5,1,1,1,2,0
37.4805357,127.003879,37.495478299999995,127.003879,37.495478299999995,127.0128721,37.4805357,127.0128721,4,5,7,3,1,1
37.5701913,127.003879,37.585133899999995,127.003879,37.585133899999995,127.0128721,37.5701913,127.0128721,1,1,2,1,0,0
37.5104209,127.003879,37.5253635,127.003879,37.5253635,127.0128721,37.5104209,127.0128721,1,0,0,0,0,0
37.5253635,127.003879,37.540306099999995,127.003879,37.540306099999995,127.0128721,37.5253635,127.0128721,2,1,2,2,2,0
37.5403061,127.003879,37.5552487,127.003879,37.5552487,127.0128721,37.5403061,127.0128721,0,2,0,2,1,0
37.4954783,127.003879,37.5104209,127.003879,37.5104209,127.0128721,37.4954783,127.0128721,4,0,0,3,3,0
37.6747895,127.003879,37.6897321,127.003879,37.6897321,127.0128721,37.6747895,127.0128721,0,0,0,0,0,0
37.6150191,127.003879,37.629961699999996,127.003879,37.629961699999996,127.0128721,37.6150191,127.0128721,0,1,0,1,0,0
37.6299617,127.003879,37.6449043,127.003879,37.6449043,127.0128721,37.6299617,127.0128721,0,1,0,0,0,0
37.6449043,127.003879,37.6598469,127.003879,37.6598469,127.0128721,37.6449043,127.0128721,0,0,0,0,0,0
37.6598469,127.003879,37.674789499999996,127.003879,37.674789499999996,127.0128721,37.6598469,127.0128721,0,0,1,0,0,0
37.5851339,127.003879,37.6000765,127.003879,37.6000765,127.0128721,37.5851339,127.0128721,1,1,1,2,1,1
37.6000765,127.003879,37.6150191,127.003879,37.6150191,127.0128721,37.6000765,127.0128721,0,1,1,0,1,0
37.5701913,127.0128721,37.585133899999995,127.0128721,37.585133899999995,127.0218652,37.5701913,127.0218652,1,0,2,1,1,1
37.4655931,127.0128721,37.4805357,127.0128721,37.4805357,127.0218652,37.4655931,127.0218652,0,0,0,0,0,0
37.4805357,127.0128721,37.495478299999995,127.0128721,37.495478299999995,127.0218652,37.4805357,127.0218652,6,6,6,4,4,1
37.4954783,127.0128721,37.5104209,127.0128721,37.5104209,127.0218652,37.4954783,127.0218652,1,3,1,1,0,1
37.5104209,127.0128721,37.5253635,127.0128721,37.5253635,127.0218652,37.5104209,127.0218652,5,5,3,4,1,0
37.5253635,127.0128721,37.540306099999995,127.0128721,37.540306099999995,127.0218652,37.5253635,127.0218652,0,0,0,0,0,0
37.5403061,127.0128721,37.5552487,127.0128721,37.5552487,127.0218652,37.5403061,127.0218652,1,3,1,0,0,0
37.5552487,127.0128721,37.5701913,127.0128721,37.5701913,127.0218652,37.5552487,127.0218652,2,1,1,0,2,0
37.6000765,127.0128721,37.6150191,127.0128721,37.6150191,127.0218652,37.6000765,127.0218652,0,1,2,0,0,0
37.6150191,127.0128721,37.629961699999996,127.0128721,37.629961699999996,127.0218652,37.6150191,127.0218652,1,2,0,1,0,1
37.6299617,127.0128721,37.6449043,127.0128721,37.6449043,127.0218652,37.6299617,127.0218652,0,6,2,2,0,0
37.6449043,127.0128721,37.6598469,127.0128721,37.6598469,127.0218652,37.6449043,127.0218652,0,2,0,0,1,0
37.6598469,127.0128721,37.674789499999996,127.0128721,37.674789499999996,127.0218652,37.6598469,127.0218652,0,0,0,0,0,0
37.6747895,127.0128721,37.6897321,127.0128721,37.6897321,127.0218652,37.6747895,127.0218652,0,0,0,0,0,0
37.6897321,127.0128721,37.7046747,127.0128721,37.7046747,127.0218652,37.6897321,127.0218652,0,0,0,0,0,0
37.5851339,127.0128721,37.6000765,127.0128721,37.6000765,127.0218652,37.5851339,127.0218652,2,1,2,4,3,0
37.5253635,127.0218652,37.540306099999995,127.0218652,37.540306099999995,127.03085829999999,37.5253635,127.03085829999999,2,1,0,2,2,0
37.5701913,127.0218652,37.585133899999995,127.0218652,37.585133899999995,127.03085829999999,37.5701913,127.03085829999999,2,3,4,0,1,1
37.4655931,127.0218652,37.4805357,127.0218652,37.4805357,127.03085829999999,37.4655931,127.03085829999999,0,0,1,0,0,0
37.4805357,127.0218652,37.495478299999995,127.0218652,37.495478299999995,127.03085829999999,37.4805357,127.03085829999999,3,4,2,5,1,1
37.4954783,127.0218652,37.5104209,127.0218652,37.5104209,127.03085829999999,37.4954783,127.03085829999999,11,18,8,13,9,1
37.5104209,127.0218652,37.5253635,127.0218652,37.5253635,127.03085829999999,37.5104209,127.03085829999999,6,4,9,7,3,3
37.5403061,127.0218652,37.5552487,127.0218652,37.5552487,127.03085829999999,37.5403061,127.03085829999999,0,0,0,0,1,0
37.5552487,127.0218652,37.5701913,127.0218652,37.5701913,127.03085829999999,37.5552487,127.03085829999999,2,2,0,0,3,0
37.6000765,127.0218652,37.6150191,127.0218652,37.6150191,127.03085829999999,37.6000765,127.03085829999999,4,2,0,1,3,0
37.6299617,127.0218652,37.6449043,127.0218652,37.6449043,127.03085829999999,37.6299617,127.03085829999999,2,3,9,3,3,1
37.6449043,127.0218652,37.6598469,127.0218652,37.6598469,127.03085829999999,37.6449043,127.03085829999999,0,1,1,0,0,0
37.6598469,127.0218652,37.674789499999996,127.0218652,37.674789499999996,127.03085829999999,37.6598469,127.03085829999999,0,0,0,0,0,0
37.6747895,127.0218652,37.6897321,127.0218652,37.6897321,127.03085829999999,37.6747895,127.03085829999999,0,0,0,0,0,0
37.6897321,127.0218652,37.7046747,127.0218652,37.7046747,127.03085829999999,37.6897321,127.03085829999999,0,0,0,0,0,0
37.6150191,127.0218652,37.629961699999996,127.0218652,37.629961699999996,127.03085829999999,37.6150191,127.03085829999999,1,2,2,0,1,1
37.5851339,127.0218652,37.6000765,127.0218652,37.6000765,127.03085829999999,37.5851339,127.03085829999999,1,0,1,0,1,0
37.6000765,127.0308583,37.6150191,127.0308583,37.6150191,127.0398514,37.6000765,127.0398514,1,1,0,1,2,0
37.5851339,127.0308583,37.6000765,127.0308583,37.6000765,127.0398514,37.5851339,127.0398514,1,0,0,2,0,1
37.4655931,127.0308583,37.4805357,127.0308583,37.4805357,127.0398514,37.4655931,127.0398514,0,1,1,0,0,1
37.4805357,127.0308583,37.495478299999995,127.0308583,37.495478299999995,127.0398514,37.4805357,127.0398514,6,3,6,5,4,1
37.4954783,127.0308583,37.5104209,127.0308583,37.5104209,127.0398514,37.4954783,127.0398514,8,12,10,15,3,0
37.5104209,127.0308583,37.5253635,127.0308583,37.5253635,127.0398514,37.5104209,127.0398514,3,6,8,5,1,0
37.5253635,127.0308583,37.540306099999995,127.0308583,37.540306099999995,127.0398514,37.5253635,127.0398514,3,1,2,3,1,0
37.5552487,127.0308583,37.5701913,127.0308583,37.5701913,127.0398514,37.5552487,127.0398514,2,3,2,2,2,0
37.6299617,127.0308583,37.6449043,127.0308583,37.6449043,127.0398514,37.6299617,127.0398514,0,0,0,0,0,0
37.6150191,127.0308583,37.629961699999996,127.0308583,37.629961699999996,127.0398514,37.6150191,127.0398514,0,0,1,0,0,0
37.6449043,127.0308583,37.6598469,127.0308583,37.6598469,127.0398514,37.6449043,127.0398514,1,2,3,3,2,1
37.6598469,127.0308583,37.674789499999996,127.0308583,37.674789499999996,127.0398514,37.6598469,127.0398514,0,0,1,1,0,0
37.6747895,127.0308583,37.6897321,127.0308583,37.6897321,127.0398514,37.6747895,127.0398514,0,0,0,0,0,0
37.6897321,127.0308583,37.7046747,127.0308583,37.7046747,127.0398514,37.6897321,127.0398514,0,0,0,0,0,0
37.5701913,127.0308583,37.585133899999995,127.0308583,37.585133899999995,127.0398514,37.5701913,127.0398514,0,1,1,0,0,0
37.5403061,127.0308583,37.5552487,127.0308583,37.5552487,127.0398514,37.5403061,127.0398514,0,0,0,0,0,0
37.5104209,127.0398514,37.5253635,127.0398514,37.5253635,127.0488445,37.5104209,127.0488445,6,7,4,6,2,3
37.5253635,127.0398514,37.540306099999995,127.0398514,37.540306099999995,127.0488445,37.5253635,127.0488445,1,1,1,1,0,0
37.5701913,127.0398514,37.585133899999995,127.0398514,37.585133899999995,127.0488445,37.5701913,127.0488445,0,1,1,3,0,0
37.5403061,127.0398514,37.5552487,127.0398514,37.5552487,127.0488445,37.5403061,127.0488445,1,5,2,2,1,0
37.4655931,127.0398514,37.4805357,127.0398514,37.4805357,127.0488445,37.4655931,127.0488445,1,5,2,2,1,0
37.4506505,127.0398514,37.4655931,127.0398514,37.4655931,127.0488445,37.4506505,127.0488445,0,0,0,0,1,0
37.4805357,127.0398514,37.495478299999995,127.0398514,37.495478299999995,127.0488445,37.4805357,127.0488445,2,3,3,1,1,0
37.5552487,127.0398514,37.5701913,127.0398514,37.5701913,127.0488445,37.5552487,127.0488445,2,0,0,0,1,1
37.6000765,127.0398514,37.6150191,127.0398514,37.6150191,127.0488445,37.6000765,127.0488445,1,0,0,1,2,0
37.5851339,127.0398514,37.6000765,127.0398514,37.6000765,127.0488445,37.5851339,127.0488445,0,0,0,0,0,0
37.6598469,127.0398514,37.674789499999996,127.0398514,37.674789499999996,127.0488445,37.6598469,127.0488445,0,2,2,2,2,1
37.6897321,127.0398514,37.7046747,127.0398514,37.7046747,127.0488445,37.6897321,127.0488445,0,0,0,0,0,0
37.6747895,127.0398514,37.6897321,127.0398514,37.6897321,127.0488445,37.6747895,127.0488445,0,0,1,0,0,0
37.4954783,127.0398514,37.5104209,127.0398514,37.5104209,127.0488445,37.4954783,127.0488445,6,7,8,5,1,1
37.6449043,127.0398514,37.6598469,127.0398514,37.6598469,127.0488445,37.6449043,127.0488445,1,1,0,0,1,0
37.6150191,127.0398514,37.629961699999996,127.0398514,37.629961699999996,127.0488445,37.6150191,127.0488445,0,0,0,1,0,1
37.6299617,127.0398514,37.6449043,127.0398514,37.6449043,127.0488445,37.6299617,127.0488445,0,0,1,0,0,0
37.5253635,127.0488445,37.540306099999995,127.0488445,37.540306099999995,127.0578376,37.5253635,127.0578376,1,1,0,0,0,1
37.5104209,127.0488445,37.5253635,127.0488445,37.5253635,127.0578376,37.5104209,127.0578376,5,7,3,4,2,0
37.4954783,127.0488445,37.5104209,127.0488445,37.5104209,127.0578376,37.4954783,127.0578376,5,8,4,9,3,1
37.5552487,127.0488445,37.5701913,127.0488445,37.5701913,127.0578376,37.5552487,127.0578376,1,1,1,0,1,0
37.4655931,127.0488445,37.4805357,127.0488445,37.4805357,127.0578376,37.4655931,127.0578376,0,0,0,0,0,0
37.4506505,127.0488445,37.4655931,127.0488445,37.4655931,127.0578376,37.4506505,127.0578376,0,0,0,0,0,0
37.4357079,127.0488445,37.450650499999995,127.0488445,37.450650499999995,127.0578376,37.4357079,127.0578376,1,1,0,0,0,0
37.5403061,127.0488445,37.5552487,127.0488445,37.5552487,127.0578376,37.5403061,127.0578376,2,1,0,1,2,0
37.4805357,127.0488445,37.495478299999995,127.0488445,37.495478299999995,127.0578376,37.4805357,127.0578376,2,1,0,0,1,0
37.5701913,127.0488445,37.585133899999995,127.0488445,37.585133899999995,127.0578376,37.5701913,127.0578376,0,2,1,1,2,1
37.6747895,127.0488445,37.6897321,127.0488445,37.6897321,127.0578376,37.6747895,127.0578376,0,1,0,0,1,0
37.6598469,127.0488445,37.674789499999996,127.0488445,37.674789499999996,127.0578376,37.6598469,127.0578376,1,1,1,0,0,1
37.6449043,127.0488445,37.6598469,127.0488445,37.6598469,127.0578376,37.6449043,127.0578376,0,1,1,1,1,0
37.6897321,127.0488445,37.7046747,127.0488445,37.7046747,127.0578376,37.6897321,127.0578376,0,0,0,0,0,0
37.6150191,127.0488445,37.629961699999996,127.0488445,37.629961699999996,127.0578376,37.6150191,127.0578376,0,1,1,0,0,0
37.6000765,127.0488445,37.6150191,127.0488445,37.6150191,127.0578376,37.6000765,127.0578376,0,0,0,0,0,0
37.5851339,127.0488445,37.6000765,127.0488445,37.6000765,127.0578376,37.5851339,127.0578376,3,1,0,2,2,0
37.6299617,127.0488445,37.6449043,127.0488445,37.6449043,127.0578376,37.6299617,127.0578376,0,0,0,0,0,0
37.5253635,127.0578376,37.540306099999995,127.0578376,37.540306099999995,127.0668307,37.5253635,127.0668307,0,0,0,3,1,0
37.4357079,127.0578376,37.450650499999995,127.0578376,37.450650499999995,127.0668307,37.4357079,127.0668307,0,0,0,0,0,0
37.4506505,127.0578376,37.4655931,127.0578376,37.4655931,127.0668307,37.4506505,127.0668307,0,0,0,0,0,0
37.4655931,127.0578376,37.4805357,127.0578376,37.4805357,127.0668307,37.4655931,127.0668307,0,0,0,0,0,0
37.4805357,127.0578376,37.495478299999995,127.0578376,37.495478299999995,127.0668307,37.4805357,127.0668307,2,0,0,0,1,0
37.4954783,127.0578376,37.5104209,127.0578376,37.5104209,127.0668307,37.4954783,127.0668307,7,4,7,5,3,1
37.5104209,127.0578376,37.5253635,127.0578376,37.5253635,127.0668307,37.5104209,127.0668307,3,2,3,3,1,1
37.5403061,127.0578376,37.5552487,127.0578376,37.5552487,127.0668307,37.5403061,127.0668307,1,1,1,1,0,0
37.5552487,127.0578376,37.5701913,127.0578376,37.5701913,127.0668307,37.5552487,127.0668307,1,0,2,0,1,0
37.5851339,127.0578376,37.6000765,127.0578376,37.6000765,127.0668307,37.5851339,127.0668307,2,0,1,3,2,1
37.6000765,127.0578376,37.6150191,127.0578376,37.6150191,127.0668307,37.6000765,127.0668307,0,0,0,1,0,0
37.6150191,127.0578376,37.629961699999996,127.0578376,37.629961699999996,127.0668307,37.6150191,127.0668307,2,2,1,0,2,0
37.6299617,127.0578376,37.6449043,127.0578376,37.6449043,127.0668307,37.6299617,127.0668307,0,0,0,1,0,0
37.6449043,127.0578376,37.6598469,127.0578376,37.6598469,127.0668307,37.6449043,127.0668307,4,5,1,6,2,1
37.6598469,127.0578376,37.674789499999996,127.0578376,37.674789499999996,127.0668307,37.6598469,127.0668307,0,0,0,0,1,0
37.5701913,127.0578376,37.585133899999995,127.0578376,37.585133899999995,127.0668307,37.5701913,127.0668307,0,2,1,0,0,0
37.6747895,127.0578376,37.6897321,127.0578376,37.6897321,127.0668307,37.6747895,127.0668307,0,0,0,0,0,0
37.5552487,127.0668307,37.5701913,127.0668307,37.5701913,127.0758238,37.5552487,127.0758238,0,1,0,0,0,0
37.5104209,127.0668307,37.5253635,127.0668307,37.5253635,127.0758238,37.5104209,127.0758238,0,0,0,0,0,0
37.4954783,127.0668307,37.5104209,127.0668307,37.5104209,127.0758238,37.4954783,127.0758238,1,0,1,0,1,0
37.4357079,127.0668307,37.450650499999995,127.0668307,37.450650499999995,127.0758238,37.4357079,127.0758238,0,0,0,0,0,0
37.4655931,127.0668307,37.4805357,127.0668307,37.4805357,127.0758238,37.4655931,127.0758238,0,0,0,0,0,0
37.4506505,127.0668307,37.4655931,127.0668307,37.4655931,127.0758238,37.4506505,127.0758238,0,0,0,1,0,0
37.5403061,127.0668307,37.5552487,127.0668307,37.5552487,127.0758238,37.5403061,127.0758238,1,1,7,1,2,1
37.4805357,127.0668307,37.495478299999995,127.0668307,37.495478299999995,127.0758238,37.4805357,127.0758238,0,0,1,1,0,0
37.5253635,127.0668307,37.540306099999995,127.0668307,37.540306099999995,127.0758238,37.5253635,127.0758238,3,0,1,2,2,0
37.5851339,127.0668307,37.6000765,127.0668307,37.6000765,127.0758238,37.5851339,127.0758238,1,0,0,0,0,1
37.6299617,127.0668307,37.6449043,127.0668307,37.6449043,127.0758238,37.6299617,127.0758238,0,0,0,0,1,1
37.6598469,127.0668307,37.674789499999996,127.0668307,37.674789499999996,127.0758238,37.6598469,127.0758238,0,0,0,1,0,0
37.6449043,127.0668307,37.6598469,127.0668307,37.6598469,127.0758238,37.6449043,127.0758238,0,2,0,1,1,0
37.6747895,127.0668307,37.6897321,127.0668307,37.6897321,127.0758238,37.6747895,127.0758238,0,0,0,0,0,0
37.6150191,127.0668307,37.629961699999996,127.0668307,37.629961699999996,127.0758238,37.6150191,127.0758238,2,1,3,0,1,0
37.6000765,127.0668307,37.6150191,127.0668307,37.6150191,127.0758238,37.6000765,127.0758238,0,0,0,1,0,0
37.6897321,127.0668307,37.7046747,127.0668307,37.7046747,127.0758238,37.6897321,127.0758238,0,0,0,0,0,0
37.5701913,127.0668307,37.585133899999995,127.0668307,37.585133899999995,127.0758238,37.5701913,127.0758238,0,1,0,1,1,1
37.5552487,127.0758238,37.5701913,127.0758238,37.5701913,127.08481689999999,37.5552487,127.08481689999999,1,1,2,2,2,0
37.4655931,127.0758238,37.4805357,127.0758238,37.4805357,127.08481689999999,37.4655931,127.08481689999999,0,0,0,0,0,0
37.4805357,127.0758238,37.495478299999995,127.0758238,37.495478299999995,127.08481689999999,37.4805357,127.08481689999999,0,1,0,1,1,0
37.4954783,127.0758238,37.5104209,127.0758238,37.5104209,127.08481689999999,37.4954783,127.08481689999999,0,0,1,2,0,1
37.5104209,127.0758238,37.5253635,127.0758238,37.5253635,127.08481689999999,37.5104209,127.08481689999999,2,0,1,4,1,1
37.5253635,127.0758238,37.540306099999995,127.0758238,37.540306099999995,127.08481689999999,37.5253635,127.08481689999999,2,3,1,0,1,1
37.5403061,127.0758238,37.5552487,127.0758238,37.5552487,127.08481689999999,37.5403061,127.08481689999999,1,1,1,1,0,0
37.6747895,127.0758238,37.6897321,127.0758238,37.6897321,127.08481689999999,37.6747895,127.08481689999999,0,0,0,0,0,0
37.4506505,127.0758238,37.4655931,127.0758238,37.4655931,127.08481689999999,37.4506505,127.08481689999999,0,0,0,0,0,0
37.5851339,127.0758238,37.6000765,127.0758238,37.6000765,127.08481689999999,37.5851339,127.08481689999999,0,1,1,1,1,0
37.6000765,127.0758238,37.6150191,127.0758238,37.6150191,127.08481689999999,37.6000765,127.08481689999999,1,0,1,0,1,0
37.6150191,127.0758238,37.629961699999996,127.0758238,37.629961699999996,127.08481689999999,37.6150191,127.08481689999999,1,4,4,0,1,1
37.6299617,127.0758238,37.6449043,127.0758238,37.6449043,127.08481689999999,37.6299617,127.08481689999999,0,0,0,0,0,0
37.6449043,127.0758238,37.6598469,127.0758238,37.6598469,127.08481689999999,37.6449043,127.08481689999999,1,1,0,1,1,1
37.6598469,127.0758238,37.674789499999996,127.0758238,37.674789499999996,127.08481689999999,37.6598469,127.08481689999999,0,0,1,0,0,0
37.6897321,127.0758238,37.7046747,127.0758238,37.7046747,127.08481689999999,37.6897321,127.08481689999999,0,0,0,0,0,0
37.5701913,127.0758238,37.585133899999995,127.0758238,37.585133899999995,127.08481689999999,37.5701913,127.08481689999999,0,0,0,1,0,0
37.5701913,127.0848169,37.585133899999995,127.0848169,37.585133899999995,127.09381,37.5701913,127.09381,1,2,0,2,1,0
37.4506505,127.0848169,37.4655931,127.0848169,37.4655931,127.09381,37.4506505,127.09381,0,0,0,0,0,0
37.4655931,127.0848169,37.4805357,127.0848169,37.4805357,127.09381,37.4655931,127.09381,0,0,0,0,0,0
37.4805357,127.0848169,37.495478299999995,127.0848169,37.495478299999995,127.09381,37.4805357,127.09381,0,1,0,0,0,0
37.4954783,127.0848169,37.5104209,127.0848169,37.5104209,127.09381,37.4954783,127.09381,0,1,3,2,2,0
37.5104209,127.0848169,37.5253635,127.0848169,37.5253635,127.09381,37.5104209,127.09381,0,0,1,1,0,0
37.5253635,127.0848169,37.540306099999995,127.0848169,37.540306099999995,127.09381,37.5253635,127.09381,1,1,2,3,1,0
37.5403061,127.0848169,37.5552487,127.0848169,37.5552487,127.09381,37.5403061,127.09381,2,1,1,0,1,0
37.5851339,127.0848169,37.6000765,127.0848169,37.6000765,127.09381,37.5851339,127.09381,2,1,3,2,2,1
37.6000765,127.0848169,37.6150191,127.0848169,37.6150191,127.09381,37.6000765,127.09381,0,0,0,0,0,0
37.6150191,127.0848169,37.629961699999996,127.0848169,37.629961699999996,127.09381,37.6150191,127.09381,0,0,0,0,1,0
37.6299617,127.0848169,37.6449043,127.0848169,37.6449043,127.09381,37.6299617,127.09381,0,0,0,0,0,0
37.6449043,127.0848169,37.6598469,127.0848169,37.6598469,127.09381,37.6449043,127.09381,0,0,0,0,0,0
37.6598469,127.0848169,37.674789499999996,127.0848169,37.674789499999996,127.09381,37.6598469,127.09381,0,0,0,0,0,0
37.6747895,127.0848169,37.6897321,127.0848169,37.6897321,127.09381,37.6747895,127.09381,0,0,0,0,0,0
37.6897321,127.0848169,37.7046747,127.0848169,37.7046747,127.09381,37.6897321,127.09381,0,0,0,0,0,0
37.5552487,127.0848169,37.5701913,127.0848169,37.5701913,127.09381,37.5552487,127.09381,0,0,1,0,0,0
37.5253635,127.09381,37.540306099999995,127.09381,37.540306099999995,127.1028031,37.5253635,127.1028031,0,1,1,0,1,0
37.5552487,127.09381,37.5701913,127.09381,37.5701913,127.1028031,37.5552487,127.1028031,0,0,0,0,0,0
37.4805357,127.09381,37.495478299999995,127.09381,37.495478299999995,127.1028031,37.4805357,127.1028031,1,1,0,0,1,0
37.4954783,127.09381,37.5104209,127.09381,37.5104209,127.1028031,37.4954783,127.1028031,2,4,0,1,1,0
37.5104209,127.09381,37.5253635,127.09381,37.5253635,127.1028031,37.5104209,127.1028031,4,3,1,1,2,1
37.5403061,127.09381,37.5552487,127.09381,37.5552487,127.1028031,37.5403061,127.1028031,2,0,0,0,2,0
37.4655931,127.09381,37.4805357,127.09381,37.4805357,127.1028031,37.4655931,127.1028031,0,0,1,1,1,0
37.5701913,127.09381,37.585133899999995,127.09381,37.585133899999995,127.1028031,37.5701913,127.1028031,0,0,0,0,0,0
37.6000765,127.09381,37.6150191,127.09381,37.6150191,127.1028031,37.6000765,127.1028031,1,2,1,2,1,1
37.6150191,127.09381,37.629961699999996,127.09381,37.629961699999996,127.1028031,37.6150191,127.1028031,0,1,0,0,0,0
37.6299617,127.09381,37.6449043,127.09381,37.6449043,127.1028031,37.6299617,127.1028031,0,0,0,0,0,0
37.6747895,127.09381,37.6897321,127.09381,37.6897321,127.1028031,37.6747895,127.1028031,0,0,0,0,0,0
37.5851339,127.09381,37.6000765,127.09381,37.6000765,127.1028031,37.5851339,127.1028031,0,2,0,1,0,0
37.6449043,127.09381,37.6598469,127.09381,37.6598469,127.1028031,37.6449043,127.1028031,0,0,0,0,0,0
37.5403061,127.1028031,37.5552487,127.1028031,37.5552487,127.1117962,37.5403061,127.1117962,1,0,0,2,1,0
37.4655931,127.1028031,37.4805357,127.1028031,37.4805357,127.1117962,37.4655931,127.1117962,0,1,0,0,0,0
37.4805357,127.1028031,37.495478299999995,127.1028031,37.495478299999995,127.1117962,37.4805357,127.1117962,1,1,1,0,0,0
37.4954783,127.1028031,37.5104209,127.1028031,37.5104209,127.1117962,37.4954783,127.1117962,3,5,2,1,1,1
37.5253635,127.1028031,37.540306099999995,127.1028031,37.540306099999995,127.1117962,37.5253635,127.1117962,0,0,0,0,0,0
37.5851339,127.1028031,37.6000765,127.1028031,37.6000765,127.1117962,37.5851339,127.1117962,0,0,0,0,0,0
37.5104209,127.1028031,37.5253635,127.1028031,37.5253635,127.1117962,37.5104209,127.1117962,3,3,1,3,3,0
37.5701913,127.1028031,37.585133899999995,127.1028031,37.585133899999995,127.1117962,37.5701913,127.1117962,0,0,0,0,0,0
37.6000765,127.1028031,37.6150191,127.1028031,37.6150191,127.1117962,37.6000765,127.1117962,0,0,1,0,0,0
37.6150191,127.1028031,37.629961699999996,127.1028031,37.629961699999996,127.1117962,37.6150191,127.1117962,0,0,0,0,0,0
37.6299617,127.1028031,37.6449043,127.1028031,37.6449043,127.1117962,37.6299617,127.1117962,0,0,0,0,0,0
37.6449043,127.1028031,37.6598469,127.1028031,37.6598469,127.1117962,37.6449043,127.1117962,0,0,0,0,0,0
37.5552487,127.1028031,37.5701913,127.1028031,37.5701913,127.1117962,37.5552487,127.1117962,0,0,0,0,0,0
37.5253635,127.1117962,37.540306099999995,127.1117962,37.540306099999995,127.1207893,37.5253635,127.1207893,0,1,1,1,0,0
37.4655931,127.1117962,37.4805357,127.1117962,37.4805357,127.1207893,37.4655931,127.1207893,1,0,0,0,0,0
37.4805357,127.1117962,37.495478299999995,127.1117962,37.495478299999995,127.1207893,37.4805357,127.1207893,3,0,2,0,2,0
37.5104209,127.1117962,37.5253635,127.1117962,37.5253635,127.1207893,37.5104209,127.1207893,2,2,3,3,1,0
37.5552487,127.1117962,37.5701913,127.1117962,37.5701913,127.1207893,37.5552487,127.1207893,0,0,0,0,0,0
37.5403061,127.1117962,37.5552487,127.1117962,37.5552487,127.1207893,37.5403061,127.1207893,0,0,0,0,0,0
37.6000765,127.1117962,37.6150191,127.1117962,37.6150191,127.1207893,37.6000765,127.1207893,0,0,0,0,0,0
37.6150191,127.1117962,37.629961699999996,127.1117962,37.629961699999996,127.1207893,37.6150191,127.1207893,0,0,0,0,0,0
37.4954783,127.1117962,37.5104209,127.1117962,37.5104209,127.1207893,37.4954783,127.1207893,1,4,5,2,0,0
37.4805357,127.1207893,37.495478299999995,127.1207893,37.495478299999995,127.1297824,37.4805357,127.1297824,3,2,3,1,1,0
37.5104209,127.1207893,37.5253635,127.1207893,37.5253635,127.1297824,37.5104209,127.1297824,1,2,1,0,0,0
37.4954783,127.1207893,37.5104209,127.1207893,37.5104209,127.1297824,37.4954783,127.1297824,0,1,3,2,1,0
37.5403061,127.1207893,37.5552487,127.1207893,37.5552487,127.1297824,37.5403061,127.1297824,0,0,2,3,2,0
37.5253635,127.1207893,37.540306099999995,127.1207893,37.540306099999995,127.1297824,37.5253635,127.1297824,6,2,3,1,3,1
37.5552487,127.1207893,37.5701913,127.1207893,37.5701913,127.1297824,37.5552487,127.1297824,0,0,0,0,0,0
37.4655931,127.1207893,37.4805357,127.1207893,37.4805357,127.1297824,37.4655931,127.1297824,2,0,3,1,2,0
37.4805357,127.1297824,37.495478299999995,127.1297824,37.495478299999995,127.1387755,37.4805357,127.1387755,0,1,0,0,0,1
37.4954783,127.1297824,37.5104209,127.1297824,37.5104209,127.1387755,37.4954783,127.1387755,1,1,2,2,1,0
37.5104209,127.1297824,37.5253635,127.1297824,37.5253635,127.1387755,37.5104209,127.1387755,1,1,0,0,2,0
37.5253635,127.1297824,37.540306099999995,127.1297824,37.540306099999995,127.1387755,37.5253635,127.1387755,2,2,0,2,1,1
37.5403061,127.1297824,37.5552487,127.1297824,37.5552487,127.1387755,37.5403061,127.1387755,1,1,0,0,0,0
37.5552487,127.1297824,37.5701913,127.1297824,37.5701913,127.1387755,37.5552487,127.1387755,0,0,0,0,0,0
37.5104209,127.1387755,37.5253635,127.1387755,37.5253635,127.14776859999999,37.5104209,127.14776859999999,0,0,0,0,0,0
37.4954783,127.1387755,37.5104209,127.1387755,37.5104209,127.14776859999999,37.4954783,127.14776859999999,1,0,1,0,0,0
37.4805357,127.1387755,37.495478299999995,127.1387755,37.495478299999995,127.14776859999999,37.4805357,127.14776859999999,0,0,0,0,1,0
37.5253635,127.1387755,37.540306099999995,127.1387755,37.540306099999995,127.14776859999999,37.5253635,127.14776859999999,1,0,2,1,1,0
37.5552487,127.1387755,37.5701913,127.1387755,37.5701913,127.14776859999999,37.5552487,127.14776859999999,0,0,0,0,0,0
37.5403061,127.1387755,37.5552487,127.1387755,37.5552487,127.14776859999999,37.5403061,127.14776859999999,2,1,2,0,2,1
37.4954783,127.1477686,37.5104209,127.1477686,37.5104209,127.1567617,37.4954783,127.1567617,0,0,0,0,0,0
37.5253635,127.1477686,37.540306099999995,127.1477686,37.540306099999995,127.1567617,37.5253635,127.1567617,0,0,0,0,0,0
37.5403061,127.1477686,37.5552487,127.1477686,37.5552487,127.1567617,37.5403061,127.1567617,1,1,3,1,1,0
37.5552487,127.1477686,37.5701913,127.1477686,37.5701913,127.1567617,37.5552487,127.1567617,0,1,0,1,0,0
37.4954783,127.1567617,37.5104209,127.1567617,37.5104209,127.1657548,37.4954783,127.1657548,0,0,0,0,0,0
37.5403061,127.1567617,37.5552487,127.1567617,37.5552487,127.1657548,37.5403061,127.1657548,0,0,0,0,0,0
37.5552487,127.1567617,37.5701913,127.1567617,37.5701913,127.1657548,37.5552487,127.1657548,0,0,0,0,0,0
37.5701913,127.1567617,37.585133899999995,127.1567617,37.585133899999995,127.1657548,37.5701913,127.1657548,0,0,0,0,0,0
37.5552487,127.1657548,37.5701913,127.1657548,37.5701913,127.1747479,37.5552487,127.1747479,0,1,0,0,2,0
37.5701913,127.1657548,37.585133899999995,127.1657548,37.585133899999995,127.1747479,37.5701913,127.1747479,0,0,0,0,0,0
37.5552487,127.1747479,37.5701913,127.1747479,37.5701913,127.183741,37.5552487,127.183741,0,0,0,0,0,0
37.5701913,127.1747479,37.585133899999995,127.1747479,37.585133899999995,127.183741,37.5701913,127.183741,0,0,0,0,0,0
