,metro_station_name,metro_station_addr,metro_geo_lat,metro_geo_lng
0,강남역 2호선,서울 강남구 강남대로 지하 396,37.4981646510326,127.028307900881
1,서울대입구역 2호선,서울 관악구 남부순환로 지하 1822,37.4811526631844,126.952645104944
2,합정역 2호선,서울 마포구 양화로 지하 55,37.5501152068908,126.914638180431
3,왕십리역 2호선,서울 성동구 왕십리로 지하 300,37.5612217415191,127.036655378283
4,당산역 2호선,서울 영등포구 당산로 229,37.534956866618,126.90273071003
5,신촌역 2호선,서울 마포구 신촌로 지하 90,37.5554417865984,126.936119192554
6,잠실역 2호선,서울 송파구 올림픽로 지하 265,37.513859279255,127.101857941447
7,신림역 2호선,서울 관악구 남부순환로 지하 1614,37.4842176141092,126.92980331103
8,홍대입구역 2호선,서울 마포구 양화로 지하 160,37.5568904093718,126.923674307594
9,교대역 3호선,서울 서초구 서초대로 지하 294,37.4935774661715,127.014155572616
10,종각역 1호선,서울 종로구 종로 지하 55,37.5702140381269,126.983239678933
11,혜화역 4호선,서울 종로구 대학로 지하 120,37.5818036223189,127.001978401429
12,연신내역 3호선,서울 은평구 통일로 지하 849,37.618962003178,126.921162124977
13,삼성역 2호선,서울 강남구 테헤란로 지하 538,37.5088619974404,127.063073009788
14,역삼역 2호선,서울 강남구 테헤란로 지하 156,37.5007162693593,127.036618203089
15,종로3가역 1호선,서울 종로구 종로 지하 129,37.5704266025836,126.99202930223
16,구로역 1호선,서울 구로구 구로중앙로 174,37.5024345090279,126.881491595821
17,노원역 4호선,서울 노원구 상계로 69-1,37.6562677764281,127.063030448739
18,신도림역 1호선,서울 구로구 경인로 688,37.5090353187112,126.891187111711
19,가산디지털단지역 7호선,서울 금천구 벚꽃로 309,37.4815957375443,126.882559483336
20,까치산역 5호선,서울 강서구 강서로 지하 54,37.5319560847746,126.846611592059
21,신사역 3호선,서울 강남구 도산대로 지하 102,37.5164324582415,127.020326886309
22,성수역 2호선,서울 성동구 아차산로 100,37.5445023983984,127.056090471223
23,사당역 2호선,서울 동작구 남부순환로 지하 2089,37.4765228347619,126.981408909449
24,염창역 9호선,서울 강서구 공항대로 지하 631,37.547059307287,126.875005005839
25,이태원역 6호선,서울 용산구 이태원로 지하 177,37.534483277545,126.993721655506
26,강동역 5호선,서울 강동구 천호대로 지하 1097,37.5355205088294,127.133529582127
27,양재역 3호선,서울 서초구 남부순환로 지하 2585,37.4839347328908,127.034544193436
28,강변역 2호선,서울 광진구 강변역로 53,37.5351692767888,127.094664569096
29,총신대입구역 4호선,서울 동작구 동작대로 지하 117,37.4875538278198,126.982199707405
30,대림역 2호선,서울 구로구 도림천로 351,37.4933105886136,126.8949461878
31,건대입구역 2호선,서울 광진구 아차산로 243,37.5404188872176,127.069173281554
32,쌍문역 4호선,서울 도봉구 도봉로 지하 486-1,37.6488498649136,127.034880717215
33,공덕역 5호선,서울 마포구 마포대로 지하 100,37.5445267873155,126.951363830233
34,동대문역 1호선,서울 종로구 종로 지하 302,37.5717775660734,127.011167102297
35,사가정역 7호선,서울 중랑구 사가정로 지하 393,37.5807945533834,127.088439058456
36,상도역 7호선,서울 동작구 상도로 지하 272,37.5032080456431,126.947700373641
37,구파발역 3호선,서울 은평구 진관2로 지하 15-25,37.6368417889316,126.918745426412
38,불광역 3호선,서울 은평구 통일로 지하 723-1,37.6102072578868,126.92998576213
39,수유역 4호선,서울 강북구 도봉로 지하 338,37.6377452337445,127.025356901379
40,구로디지털단지역 2호선,서울 구로구 도림천로 477,37.4853149237865,126.901494378412
41,선릉역 2호선,서울 강남구 테헤란로 지하 340,37.5045028775835,127.048942471228
42,발산역 5호선,서울 강서구 공항대로 지하 267,37.5590292668195,126.837310771961
43,장한평역 5호선,서울 동대문구 천호대로 지하 405,37.5615026802954,127.064421108758
44,신대방역 2호선,서울 동작구 대림로 2,37.4875759745635,126.913175585996
45,방배역 2호선,서울 서초구 방배로 지하 80,37.4814364876589,126.997694899327
46,성신여대입구역 4호선,서울 성북구 동소문로 지하 102,37.5927179261346,127.016477649743
47,강남구청역 7호선,서울 강남구 학동로 지하 346,37.5171892352971,127.04130142966
48,창동역 1호선,서울 도봉구 마들로11길 77,37.6532174818989,127.047714954434
49,명동역 4호선,서울 중구 퇴계로 지하 126,37.5609100751113,126.985947030389
50,마곡나루역 9호선,서울 강서구 마곡중앙5로 지하 2,37.5667930302835,126.827518199814
51,군자역 5호선,서울 광진구 천호대로 지하 550,37.5573631939521,127.079017279019
52,마곡역 5호선,서울 강서구 공항대로 지하 163,37.5601984535897,126.825547992125
53,거여역 5호선,서울 송파구 오금로 지하 499,37.4932073280335,127.144032331306
54,독산역 1호선,서울 금천구 벚꽃로 115,37.4659873169402,126.889514168718
55,서대문역 5호선,서울 종로구 통일로 지하 126,37.565856271913,126.966637398787
56,잠실새내역 2호선,서울 송파구 올림픽로 지하 140,37.5115672093323,127.086373867207
57,오목교역 5호선,서울 양천구 오목로 지하 342,37.5244500703802,126.875354626254
58,서초역 2호선,서울 서초구 서초대로 지하 233,37.4918229990093,127.007580814715
59,시청역 1호선,서울 중구 세종대로 지하 101,37.5654385176408,126.976983237511
60,학동역 7호선,서울 강남구 학동로 지하 180,37.5142064294604,127.031463762217
61,동대문역사문화공원역 2호선,서울 중구 을지로 지하 279,37.5655895229776,127.009131498424
62,논현역 7호선,서울 강남구 학동로 지하 102,37.5111988300765,127.021657861669
63,종로5가역 1호선,서울 종로구 종로 지하 216,37.5709075371016,127.001916647342
64,낙성대역 2호선,서울 관악구 남부순환로 지하 1928,37.4770651843603,126.963409959152
65,목동역 5호선,서울 양천구 오목로 지하 245,37.52619868083,126.864742584692
66,아차산역 5호선,서울 광진구 천호대로 지하 657,37.5524011361136,127.08937059931
67,공릉역 7호선,서울 노원구 동일로 지하 1074,37.6254769202851,127.073005201049
68,화곡역 5호선,서울 강서구 화곡로 지하 168,37.5414336176977,126.840496450153
69,신대방삼거리역 7호선,서울 동작구 상도로 지하 76,37.4997218266711,126.928222967016
70,동묘앞역 1호선,서울 종로구 종로 359,37.5733722075697,127.01675118037
71,고속터미널역 3호선,서울 서초구 신반포로 지하 188,37.504647182738,127.004442096367
72,미아사거리역 4호선,서울 강북구 도봉로 지하 50,37.6132861094991,127.030098418544
73,약수역 3호선,서울 중구 다산로 지하 122,37.5545595558163,127.010822526737
74,복정역 8호선,서울 송파구 송파대로 지하 6,37.4710560005054,127.126771228018
75,개봉역 1호선,서울 구로구 경인로40길 47,37.4945222528654,126.859102583368
76,망원역 6호선,서울 마포구 월드컵로 지하 77,37.5560572923314,126.910033925408
77,을지로입구역 2호선,서울 중구 을지로 지하 42,37.5660509513873,126.982372901787
78,길음역 4호선,서울 성북구 동소문로 지하 248,37.603183910563,127.024823216768
79,압구정역 3호선,서울 강남구 압구정로 지하 172,37.5264308236177,127.028480919224
80,대방역 1호선,서울 영등포구 여의대방로 300,37.5133254586186,126.926303024833
81,도봉산역 1호선,서울 도봉구 도봉로 948,37.688861412909,127.046140090232
82,장지역 8호선,서울 송파구 송파대로 지하 82,37.4781192050612,127.126424204036
83,안국역 3호선,서울 종로구 율곡로 지하 62,37.5767203705556,126.985823042976
84,가락시장역 8호선,서울 송파구 송파대로 지하 257,37.4927440321316,127.118485741487
85,경복궁역 3호선,서울 종로구 사직로 지하 130,37.5758613027702,126.973062710191
86,홍제역 3호선,서울 서대문구 통일로 지하 440-1,37.5887103667691,126.944242309924
87,구의역 2호선,서울 광진구 아차산로 384-1,37.5371535596228,127.086179228767
88,상계역 4호선,서울 노원구 상계로 182,37.6609038887184,127.073575379339
89,회기역 1호선,서울 동대문구 회기로 196,37.5897442387671,127.058035421223
90,충무로역 3호선,서울 중구 퇴계로 지하 199,37.5611721437347,126.994110800073
91,신정네거리역 2호선,서울 양천구 중앙로 지하 261,37.5197975266787,126.852991645059
92,광화문역 5호선,서울 종로구 세종대로 지하 172,37.5716228232824,126.976787992565
93,온수역 7호선,서울 구로구 경인로3길 지하 64,37.4921502838112,126.823380714316
94,신설동역 1호선,서울 동대문구 왕산로 지하 1,37.5753194830738,127.024701893044
95,암사역 8호선,서울 강동구 올림픽로 지하 776,37.5501403417224,127.127540246626
96,신당역 2호선,서울 중구 퇴계로 지하 431-1,37.5656540317328,127.019540574485
97,마포역 5호선,서울 마포구 마포대로 지하 33,37.5395837885645,126.945920370023
98,봉천역 2호선,서울 관악구 남부순환로 지하 1721,37.4825562153548,126.941495272047
99,영등포구청역 2호선,서울 영등포구 당산로 지하 121,37.5256996614804,126.896626898379
100,한성대입구역 4호선,서울 성북구 삼선교로 지하 1,37.5883948842004,127.00595033342
101,신용산역 4호선,서울 용산구 한강대로 지하 112,37.5296155628471,126.968215931799
102,당고개역 4호선,서울 노원구 상계로 305,37.6702926448965,127.079011159467
103,석촌역 8호선,서울 송파구 송파대로 지하 439,37.5059496431187,127.106345349428
104,뚝섬역 2호선,서울 성동구 아차산로 18,37.5471882244091,127.047365178682
105,면목역 7호선,서울 중랑구 면목로 지하 407,37.5883848968931,127.087567841531
106,응암역 6호선,서울 은평구 증산로 지하 477,37.5987423282207,126.915512801302
107,장승배기역 7호선,서울 동작구 상도로 지하 188,37.5046658024741,126.938744364462
108,수락산역 7호선,서울 노원구 동일로 지하 1662,37.6776259369995,127.055374584266
109,명일역 5호선,서울 강동구 양재대로 지하 1632,37.5512602756216,127.144000929119
110,을지로3가역 2호선,서울 중구 을지로 지하 106,37.56626594615,126.990308356253
111,문정역 8호선,서울 송파구 송파대로 지하 179,37.4862618233383,127.122290332976
112,문래역 2호선,서울 영등포구 당산로 지하 28,37.5179214637526,126.894763060556
113,답십리역 5호선,서울 성동구 천호대로 지하 300,37.5664458277827,127.05318095956
114,이대역 2호선,서울 마포구 신촌로 지하 180,37.5567980142044,126.945758201019
115,천왕역 7호선,서울 구로구 오리로 지하 1154,37.4868219430207,126.838713741162
116,양평역 5호선,서울 영등포구 양산로 지하 21,37.5255116853806,126.886865676125
117,옥수역 3호선,서울 성동구 동호로 21,37.5410468905674,127.018329991576
118,미아역 4호선,서울 강북구 도봉로 지하 198,37.6264436445109,127.026103434413
119,디지털미디어시티역 6호선,서울 은평구 수색로 지하 175,37.5771614352661,126.901928562926
120,고덕역 5호선,서울 강동구 고덕로 지하 253,37.5550473189056,127.15394941502
121,천호역 5호선,서울 강동구 천호대로 지하 997,37.5385789820645,127.123742434482
122,신논현역 9호선,서울 강남구 봉은사로 지하 102,37.5046341625192,127.025031333453
123,신풍역 7호선,서울 영등포구 신풍로 지하 27,37.5001172036762,126.909841656125
124,상일동역 5호선,서울 강동구 고덕로 지하 359,37.5566643781876,127.165829221931
125,청담역 7호선,서울 강남구 학동로 지하 508,37.5194406566749,127.053644513011
126,길동역 5호선,서울 강동구 양재대로 지하 1480,37.5378115570072,127.13999920444
127,오류동역 1호선,서울 구로구 경인로20길 13,37.494359185399,126.844600701673
128,금천구청역 1호선,서울 금천구 시흥대로63길 91,37.455609978438,126.894514076077
129,여의나루역 5호선,서울 영등포구 여의동로 지하 343,37.5270851610199,126.932863954929
130,먹골역 7호선,서울 중랑구 동일로 지하 901,37.6106250591244,127.077764798784
131,보라매역 7호선,서울 동작구 상도로 지하 2,37.499910050321,126.920489390309
132,남성역 7호선,서울 동작구 사당로 지하 218,37.4844433924857,126.971706096071
133,숙대입구역 4호선,서울 용산구 한강대로 지하 306,37.5451939759064,126.971872351838
134,잠실나루역 2호선,서울 송파구 오금로 20,37.5206867318088,127.103811089444
135,개롱역 5호선,서울 송파구 오금로 지하 402,37.4978146566399,127.135158595127
136,회현역 4호선,서울 중구 퇴계로 지하 54,37.5585353196435,126.978239147279
137,광나루역 5호선,서울 광진구 아차산로 지하 571,37.5452786641598,127.103686533578
138,아현역 2호선,서울 마포구 신촌로 지하 270,37.5573575723061,126.95603374504
139,상수역 6호선,서울 마포구 독막로 지하 85,37.5477716665856,126.922409857908
140,마포구청역 6호선,서울 마포구 월드컵로 지하 190,37.5634263131969,126.903356973848
141,태릉입구역 7호선,서울 노원구 동일로 지하 992-1,37.6179056668897,127.074995390927
142,남구로역 7호선,서울 구로구 도림로 지하 7,37.4861618372855,126.887341021559
143,구산역 6호선,서울 은평구 연서로 지하 137-1,37.6112122196295,126.917182386796
144,우장산역 5호선,서울 강서구 강서로 지하 262,37.5490001953873,126.836408931785
145,제기동역 1호선,서울 동대문구 왕산로 지하 93,37.5781967284885,127.034690599752
146,내방역 7호선,서울 서초구 서초대로 지하 103,37.487533528504,126.993190309509
147,광흥창역 6호선,서울 마포구 독막로 지하 165,37.5474860706906,126.931939240491
148,노량진역 9호선,서울 동작구 노량진로 지하 130,37.5135735646312,126.940826454376
149,둔촌동역 5호선,서울 강동구 양재대로 지하 1369,37.5276413733277,127.136190298465
150,영등포시장역 5호선,서울 영등포구 양산로 지하 200,37.5227345248969,126.904959169819
151,망우역 경의중앙선,서울 중랑구 망우로55길 11-10,37.5992876153903,127.092756577852
152,매봉역 3호선,서울 강남구 남부순환로 지하 2744,37.4869611285839,127.046614560925
153,종합운동장역 2호선,서울 송파구 올림픽로 지하 23,37.5109692748993,127.073356018706
154,뚝섬유원지역 7호선,서울 광진구 능동로 10,37.5315862608622,127.06671773793
155,마들역 7호선,서울 노원구 동일로 지하 1530-1,37.6650864331785,127.057687709213
156,송파역 8호선,서울 송파구 송파대로 지하 354,37.4996866748478,127.112179893361
157,남부터미널역 3호선,서울 서초구 서초중앙로 지하 31,37.48514016604,127.016207055102
158,중곡역 7호선,서울 광진구 능동로 지하 417,37.5655258842084,127.084072412789
159,충정로역 2호선,서울 서대문구 서소문로 지하 17,37.5598377952439,126.964474043785
160,굽은다리역 5호선,서울 강동구 양재대로 지하 1572,37.5457314720664,127.142970847846
161,새절역 6호선,서울 은평구 증산로 지하 400,37.5918270544017,126.913911983591
162,여의도역 9호선,서울 영등포구 의사당대로 지하 101,37.5219069359564,126.923968896383
163,선정릉역 수인분당선,서울 강남구 선릉로 지하 580,37.5108538860091,127.043641042222
164,상왕십리역 2호선,서울 성동구 왕십리로 지하 374,37.5644687111181,127.029031221392
165,송정역 5호선,서울 강서구 공항대로 지하 33,37.5614775483136,126.811055407613
166,월곡역 6호선,서울 성북구 월곡로 지하 107,37.6014210523409,127.041184766468
167,석계역 1호선,서울 노원구 화랑로 341,37.6153059403184,127.065647254398
168,중랑역 경의중앙선,서울 중랑구 중랑역로 9,37.5948240960274,127.075728956656
169,하계역 7호선,서울 노원구 동일로 지하 1196,37.6364521240646,127.067988537404
170,안암역 6호선,서울 성북구 고려대로 지하 89,37.5862804833256,127.029213030111
171,신길역 1호선,서울 영등포구 영등포로 327,37.5170318506784,126.917224932059
172,방이역 5호선,서울 송파구 양재대로 지하 1127,37.5085564458698,127.125854699016
173,보문역 6호선,서울 성북구 보문로 지하 116,37.5853277238848,127.019386983515
174,독립문역 3호선,서울 서대문구 통일로 지하 247,37.5744103589329,126.957750279047
175,마천역 5호선,서울 송파구 마천로57길 지하 7,37.4946706182588,127.152320621872
176,도곡역 3호선,서울 강남구 남부순환로 지하 2814,37.4908647717187,127.05532337372
177,등촌역 9호선,서울 강서구 공항대로 지하 529,37.5511171423354,126.864950041955
178,청계산입구역 신분당선,서울 서초구 청계산로 지하 179,37.4483676641102,127.054631961335
179,압구정로데오역 수인분당선,서울 강남구 압구정로 지하 402,37.5272937126775,127.040512934835
180,언주역 9호선,서울 강남구 봉은사로 지하 201,37.5074454982119,127.034284713238
181,녹번역 3호선,서울 은평구 통일로 지하 602-1,37.6007421809861,126.936019442532
182,삼각지역 4호선,서울 용산구 한강대로 지하 180,37.5345937063675,126.973011032988
183,신정역 5호선,서울 양천구 오목로 지하 179,37.5252107928783,126.857290392028
184,숭실대입구역 7호선,서울 동작구 상도로 지하 378,37.4958143308836,126.954060246067
185,방학역 1호선,서울 도봉구 도봉로150다길 3,37.6663466100476,127.044423079471
186,대청역 3호선,서울 강남구 일원로 지하 2,37.4937218597788,127.079493645766
187,효창공원앞역 6호선,서울 용산구 백범로 지하 287,37.539334042393,126.961318543969
188,중화역 7호선,서울 중랑구 동일로 지하 797,37.6015796992834,127.079469204905
189,어린이대공원역 7호선,서울 광진구 능동로 지하 210,37.547871203305,127.074549925093
190,가양역 9호선,서울 강서구 양천로 지하 485,37.5615542602435,126.854388254338
191,금호역 3호선,서울 성동구 동호로 지하 104,37.5481125196986,127.015893753726
192,삼전역 9호선,서울 송파구 백제고분로 지하 189,37.504499567472,127.087450657756
193,한강진역 6호선,서울 용산구 이태원로 지하 287,37.5402951544226,127.001748287649
194,대치역 3호선,서울 강남구 남부순환로 지하 2952,37.4945627553067,127.063430193449
195,구일역 1호선,서울 구로구 구일로 133,37.4963911827294,126.869920428658
196,중계역 7호선,서울 노원구 동일로 지하 1308-1,37.6448906789921,127.064246723057
197,화랑대역 6호선,서울 노원구 화랑로 지하 510,37.6198943887187,127.083744624338
198,봉은사역 9호선,서울 강남구 봉은사로 지하 601,37.5143606191744,127.060891874786
199,방화역 5호선,서울 강서구 금낭화로 지하 132,37.5770031079469,126.81262993382
200,동대입구역 3호선,서울 중구 동호로 지하 256,37.559030224347,127.005460196954
201,녹사평역 6호선,서울 용산구 녹사평대로 지하 195,37.5348314193581,126.987028473368
202,한남역 경의중앙선,서울 용산구 독서당로6길 12-13,37.5291881521046,127.008249820572
203,신내역 6호선,서울 중랑구 용마산로136길 33,37.6100975955422,127.110256285987
204,도봉역 1호선,서울 도봉구 도봉로170길 2,37.6803629061562,127.045764016316
205,서울역 1호선,서울 중구 세종대로 지하 2,37.5571594835988,126.972554606456
206,신금호역 5호선,서울 성동구 금호로 지하 154,37.5545324884294,127.020064146247
207,오금역 5호선,서울 송파구 오금로 지하 321,37.5022659793733,127.127879247544
208,대흥역 6호선,서울 마포구 대흥로 지하 85,37.5476683544726,126.942465251709
209,증산역 6호선,서울 은평구 증산로 지하 306,37.5841954778004,126.910057587886
210,이촌역 경의중앙선,서울 용산구 이촌로71길 42,37.5222293914391,126.973595696064
211,한티역 수인분당선,서울 강남구 선릉로 지하 228,37.4962424687085,127.052882352599
212,올림픽공원역 5호선,서울 송파구 양재대로 지하 1233,37.5160876492782,127.130600140827
213,몽촌토성역 8호선,서울 송파구 올림픽로 지하 383,37.5176236317445,127.112429917071
214,마장역 5호선,서울 성동구 마장로 지하 296,37.5662827804848,127.043163438528
215,봉화산역 6호선,서울 중랑구 신내로 지하 232,37.6176537624438,127.090758129505
216,을지로4가역 2호선,서울 중구 을지로 지하 178,37.5666369941572,126.997852780281
217,국회의사당역 9호선,서울 영등포구 국회대로 지하 758,37.5280674292228,126.917885535023
218,김포공항역 9호선,서울 강서구 하늘길 지하 77,37.562144131501,126.801570320177
219,송파나루역 9호선,서울 송파구 백제고분로 지하 446,37.5106316985927,127.112393866995
220,애오개역 5호선,서울 마포구 마포대로 지하 210,37.5533624029594,126.95661326016
221,강동구청역 8호선,서울 강동구 올림픽로 지하 550,37.5306740877124,127.12057605164
222,서울숲역 수인분당선,서울 성동구 왕십리로 지하 77,37.5436182408959,127.044706934942
223,양재시민의숲역 신분당선,서울 서초구 매헌로 지하 116,37.4699787301083,127.038325774107
224,돌곶이역 6호선,서울 성북구 화랑로 지하 243,37.610550696559,127.056425217652
225,양천향교역 9호선,서울 강서구 양천로 지하 341,37.5687611941006,126.840817845045
226,월계역 1호선,서울 노원구 월계로53길 40,37.6321089404669,127.058729394991
227,무악재역 3호선,서울 서대문구 통일로 지하 361,37.5823841472467,126.950322097494
228,개화산역 5호선,서울 강서구 양천로 22,37.572270024754,126.806001672732
229,석촌고분역 9호선,서울 송파구 백제고분로 지하 274,37.5024703189666,127.096703734242
230,광운대역 1호선,서울 노원구 석계로 98-2,37.6230335564713,127.06176348127
231,일원역 3호선,서울 강남구 일원로 지하 121,37.4840735840284,127.084451750048
232,흑석역 9호선,서울 동작구 현충로 지하 90,37.5090853155754,126.963570097818
233,외대앞역 1호선,서울 동대문구 휘경로 27,37.5954136758127,127.063058800869
234,홍대입구역 공항철도 3번출구,서울 마포구 동교동 155-27,37.5583524242937,126.925170949906
235,역촌역 6호선,서울 은평구 서오릉로 지하 63,37.6060390534435,126.922967946327
236,남영역 1호선,서울 용산구 한강대로77길 25,37.5405646005342,126.971332437837
237,영등포역 1호선,서울 영등포구 경인로 846,37.5156680341198,126.907665995469
238,선유도역 9호선,서울 영등포구 양평로 지하 124,37.5381315240488,126.893420460707
239,강남역 신분당선,서울 강남구 강남대로 지하 396,37.4981646510326,127.028307900881
240,이수역 7호선,서울 동작구 사당로 지하 310,37.485015143952,126.981021812089
241,용마산역 7호선,서울 중랑구 용마산로 지하 227,37.5740302107904,127.087038114766
242,서울역 서부역,서울 중구 한강대로 405,37.5547278494914,126.969526329341
243,한양대역 2호선,서울 성동구 왕십리로 206,37.55557788354,127.043584493543
244,신방화역 9호선,서울 강서구 방화대로 지하 301,37.5676833982563,126.816524550899
245,창동역 4호선 1번출구,서울 도봉구 창동 20,37.6539064099745,127.050861457599
246,삼성중앙역 9호선,서울 강남구 봉은사로 지하 501,37.5128830348855,127.052705651591
247,동작역 4호선,서울 동작구 현충로 257,37.5028703671011,126.980268385443
248,청구역 5호선,서울 중구 청구로 지하 77,37.5602939125022,127.013806006802
249,행당역 5호선,서울 성동구 행당로 지하 89,37.5572784369263,127.029232035475
250,북한산우이역 우이신설선,서울 강북구 삼양로 지하 676,37.6629661525542,127.012702176264
251,용산역 1호선,서울 용산구 한강대로23길 55,37.5297718014452,126.964741503485
252,증미역 9호선,서울 강서구 양천로 지하 560,37.5577194101414,126.861246868802
253,반포역 7호선,서울 서초구 신반포로 지하 241,37.5081263886404,127.011497032246
254,강일역(2021년3월예정),서울 강동구 강일동 산 22-14,37.5560733256181,127.176216396011
255,남태령역 4호선,서울 서초구 과천대로 지하 816,37.4648575576518,126.988656544337
256,신이문역 1호선,서울 동대문구 한천로 472,37.604278644666,127.069577322142
257,고려대역 6호선,서울 성북구 종암로 지하 1,37.590649686622,127.036284948669
258,서울역 공항철도,서울 용산구 청파로 378,37.549118478341,126.970484281315
259,노들역 9호선,서울 동작구 노량진로 지하 238,37.5127787896024,126.95306410612
260,개화역 9호선,서울 강서구 개화동로8길 19,37.577886100861,126.798211244431
261,중앙보훈병원역 9호선,서울 강동구 동남로 지하 625,37.5288957241892,127.148541966332
262,샛강역 9호선,서울 영등포구 의사당대로 지하 166,37.5166296972081,126.929079682137
263,청량리역 1호선,서울 동대문구 왕산로 지하 205,37.5802331563072,127.045085886324
264,사당역 4호선,서울 동작구 동작대로 지하 3,37.4768632653727,126.981595139341
265,상월곡역 6호선,서울 성북구 화랑로 지하 157,37.6062641394281,127.048326622029
266,정릉역 우이신설선,서울 성북구 아리랑로 지하 122,37.6026876819314,127.013496185509
267,녹천역 1호선,서울 도봉구 덕릉로 376,37.6456959058103,127.050919992127
268,독바위역 6호선,서울 은평구 불광로 지하 129-1,37.6183988849915,126.932810138476
269,잠원역 3호선,서울 서초구 잠원로4길 지하 46,37.5127991148107,127.01122017966
270,버티고개역 6호선,서울 중구 다산로 지하 38,37.5479949973795,127.006885234253
271,신촌역 경의중앙선,서울 서대문구 신촌역로 30,37.5598241279561,126.942386979371
272,경찰병원역 3호선,서울 송파구 중대로 지하 149,37.4956031419934,127.124067847413
273,양천구청역 2호선,서울 양천구 목동로3길 지하 33,37.5126989358446,126.866065211751
274,가산디지털단지역 1호선,서울 금천구 벚꽃로 309,37.4815957375443,126.882559483336
275,월드컵경기장역 6호선,서울 마포구 월드컵로 지하 240,37.569942569034,126.899033325814
276,학여울역 3호선,서울 강남구 남부순환로 지하 3104,37.4967171864138,127.071718971861
277,신답역 2호선,서울 성동구 천호대로 232,37.5699910562183,127.046820203556
278,북한산보국문역 우이신설선,서울 성북구 보국문로 지하 88,37.6121461272569,127.008208009279
279,대림역 7호선 12번출구,서울 영등포구 대림동 1050-17,37.4928500023658,126.896795784223
280,솔샘역 우이신설선,서울 강북구 솔샘로 지하 189,37.6202522935181,127.013408969328
281,교대역 2호선,서울 서초구 서초대로 지하 294,37.4935774661715,127.014155572616
282,신목동역 9호선,서울 양천구 목동중앙로 지하 217,37.5444916605385,126.882753513166
283,노원역 7호선,서울 노원구 동일로 지하 1409,37.6546947161168,127.060517410251
284,양원역 경의중앙선,서울 중랑구 송림길 147,37.606554361502,127.107921489043
285,건대입구역 7호선,서울 광진구 능동로 지하 110,37.5408416053893,127.07104643853
286,개포동역 수인분당선,서울 강남구 개포로 지하 420,37.4892484725195,127.066474949768
287,수서역 3호선,서울 강남구 광평로 지하 270,37.4873889933503,127.101859191018
288,구반포역 9호선,서울 서초구 신반포로 지하 17,37.501449823532,126.987374882947
289,상봉역 7호선,서울 중랑구 망우로 297,37.5967137844087,127.085436765164
290,가오리역 우이신설선,서울 강북구 삼양로 426,37.641713417798,127.016940435565
291,노량진역 1호선,서울 동작구 노량진로 151,37.5158026675555,126.948359181242
292,용산역 경의중앙선,서울 용산구 한강대로23길 55,37.5297718014452,126.964741503485
293,용두역 2호선,서울 동대문구 천호대로 지하 129,37.5739380503267,127.038031119837
294,용답역 2호선,서울 성동구 용답길 86,37.5620049052662,127.050729309179
295,신도림역 2호선,서울 구로구 새말로 지하 117-21,37.5087701449787,126.891080501385
296,합정역 6호선 5번출구,서울 마포구 합정동 402,37.5498466462438,126.914178132067
297,서강대역 경의중앙선,서울 마포구 서강로 지하 118,37.5527051004675,126.934808313154
298,삼양사거리역 우이신설선,서울 강북구 삼양로 197,37.6214280999689,127.020237295242
299,온수역 1호선,서울 구로구 부일로 872,37.4924739158747,126.824038632379
300,디지털미디어시티역 공항철도,서울 마포구 성암로 지하 184,37.5768239035855,126.899020186183
301,응봉역 경의중앙선,서울 성동구 고산자로 123,37.5504482266748,127.034927944532
302,동대문역 4호선,서울 종로구 율곡로 지하 308,37.5704117093421,127.009546610861
303,고속터미널역 9호선,서울 서초구 신반포로 지하 188,37.504647182738,127.004442096367
304,창신역 6호선,서울 종로구 지봉로 지하 112,37.5800168892429,127.015211194258
305,석계역 6호선,서울 노원구 화랑로 지하 347-1,37.6150480846952,127.066118430844
306,서울역 4호선,서울 용산구 한강대로 지하 392,37.5532000173323,126.972805485095
307,화계역 우이신설선,서울 강북구 삼양로 341,37.6339304770753,127.0172978051
308,공항시장역 9호선,서울 강서구 방화동로 지하 30,37.5635555121815,126.810492268589
309,신반포역 9호선,서울 서초구 신반포로 지하 105,37.503413718529,126.995898957444
310,서빙고역 경의중앙선,서울 용산구 서빙고로 238,37.5199555398566,126.990048630943
311,김포공항역 공항철도,서울 강서구 하늘길 지하 77,37.562144131501,126.801570320177
312,당산역 9호선,서울 영등포구 양평로 지하 40,37.5337405945415,126.902171452197
313,이촌역 4호선,서울 용산구 서빙고로 지하 83,37.522520254623,126.973683151228
314,고속터미널역 7호선,서울 서초구 신반포로 지하 188,37.504647182738,127.004442096367
315,시청역 2호선,서울 중구 서소문로 지하 127,37.5635793508101,126.975389363157
316,대모산입구역 수인분당선,서울 강남구 개포로 지하 522,37.4915453291369,127.07316864715
317,잠실역 8호선,서울 송파구 올림픽로 305,37.5149771693164,127.10421637903
318,종로3가역 5호선,서울 종로구 돈화문로11길 지하 26,37.5725695604894,126.99006167065
319,여의도역 5호선,서울 영등포구 여의나루로 지하 40,37.5218423045786,126.924484687694
320,도봉산역광역환승센터,서울 도봉구 도봉로 955,37.6897506980596,127.04491945608
321,신길역 5호선 3번출구,서울 영등포구 경인로114가길 지하 9,37.5176677017212,126.914336937521
322,양재역 신분당선,서울 서초구 남부순환로 지하 2585,37.4839347328908,127.034544193436
323,왕십리역 수인분당선,서울 성동구 왕십리광장로 17,37.5614417528647,127.038394194396
324,서울역 경의중앙선,서울 중구 통일로 1,37.5560581817344,126.972115894161
325,도봉산역 7호선,서울 도봉구 도봉로 964-40,37.6891205614059,127.046528790935
326,한성백제역 9호선,서울 송파구 위례성대로 지하 29,37.5164647953901,127.116303251765
327,연신내역 6호선,서울 은평구 통일로 지하 849,37.618962003178,126.921162124977
328,홍대입구역 경의중앙선,서울 마포구 양화로 지하 188,37.5574108322996,126.92696154839
329,석촌역 9호선,서울 송파구 백제고분로 지하 368,37.5051304640171,127.106928108844
330,공덕역 공항철도,서울 마포구 마포대로 지하 92,37.5425430367558,126.95219691279
331,가락시장역 3호선,서울 송파구 송파대로 지하 257,37.4927440321316,127.118485741487
332,가좌역 경의중앙선,서울 서대문구 수색로 27,37.5688870324193,126.915149791265
333,동대문역사문화공원역 4호선,서울 중구 장충단로 지하 230,37.5650787698586,127.007550653481
334,청량리역 경의중앙선,서울 동대문구 왕산로 214,37.5841961381161,127.05114707633
335,까치산역 2호선,서울 강서구 강서로 지하 54,37.5319560847746,126.846611592059
336,디지털미디어시티역 경의중앙선,서울 은평구 수색로 193,37.577876499679,126.900250572829
337,천호역 8호선,서울 강동구 천호대로 지하 997,37.5385789820645,127.123742434482
338,선릉역 수인분당선,서울 강남구 테헤란로 지하 340,37.5045028775835,127.048942471228
339,동묘앞역 6호선,서울 종로구 지봉로 지하 24,37.5722005208773,127.015678133819
340,충무로역 4호선,서울 중구 퇴계로 지하 199,37.5611721437347,126.994110800073
341,군자역 7호선,서울 광진구 천호대로 지하 550,37.5573631939521,127.079017279019
342,구룡역 수인분당선,서울 강남구 개포로 지하 403,37.4870878178945,127.059265605498
343,을지로3가역 3호선,서울 중구 을지로 지하 129,37.5662750350156,126.992650024369
344,둔촌오륜역 9호선,서울 강동구 강동대로 지하 303,37.5194242486054,127.138427332482
345,도림천역 2호선,서울 구로구 경인로67길 160,37.5144420510515,126.882702584468
346,왕십리역 경의중앙선,서울 성동구 왕십리광장로 17,37.5614417528647,127.038394194396
347,영등포구청역 5호선,서울 영등포구 양산로 지하 116,37.5242266062117,126.895289064995
348,사평역 9호선,서울 서초구 사평대로 지하 285,37.5041589041223,127.015434196641
349,공덕역 6호선,서울 마포구 백범로 지하 200,37.543526917067,126.951947569181
350,동대문역사문화공원역 5호선,서울 중구 마른내로 지하 162,37.5645770081888,127.005916180124
351,삼양역 우이신설선,서울 강북구 삼양로 지하 259,37.626835165677,127.018198221331
352,마곡나루역 공항철도,서울 강서구 마곡중앙로 지하 135,37.565821296795,126.827634421592
353,회기역 경의중앙선,서울 동대문구 회기로 196,37.5897442387671,127.058035421223
354,고덕지하철차량기지,서울 강동구 고덕동 10-4,37.5702066747734,127.164365513324
355,종로3가역 3호선,서울 종로구 돈화문로 지하 30,37.5711402785938,126.991994361467
356,김포공항역 5호선,서울 강서구 하늘길 지하 77,37.562144131501,126.801570320177
357,종합운동장역 9호선,서울 송파구 올림픽로 지하 23,37.5109692748993,127.073356018706
358,옥수역 경의중앙선,서울 성동구 동호로 21,37.5410468905674,127.018329991576
359,태릉입구역 6호선,서울 노원구 동일로 지하 992-1,37.6179056668897,127.074995390927
360,상봉역 경의중앙선 7번출구,서울 중랑구 상봉동 315-3,37.5974386470356,127.085539960119
361,선정릉역 9호선,서울 강남구 선릉로 지하 580,37.5108538860091,127.043641042222
362,약수역 6호선,서울 중구 다산로 지하 115,37.5538914380831,127.010120543543
363,오금역 3호선,서울 송파구 오금로 지하 321,37.5022659793733,127.127879247544
364,수서역 수인분당선,서울 강남구 광평로 지하 270,37.4873889933503,127.101859191018
365,올림픽공원역 9호선,서울 송파구 양재대로 지하 1231,37.5168868476651,127.130917803204
366,충정로역 5호선,서울 서대문구 충정로 지하 28-1,37.5609934378336,126.963373255365
367,신당역 6호선,서울 중구 다산로 지하 260,37.5662738884121,127.016153533586
368,상봉역 경춘선,서울 중랑구 망우로 297,37.5967137844087,127.085436765164
369,강남구청역 수인분당선,서울 강남구 학동로 지하 346,37.5171892352971,127.04130142966
370,신설동역 2호선,서울 동대문구 왕산로 지하 1,37.5753194830738,127.024701893044
371,솔밭공원역 우이신설선,서울 강북구 삼양로 595,37.6561546882896,127.013091650663
372,디지털미디어시티역 공항철도,서울 마포구 성암로 지하 184,37.5768239035855,126.899020186183
373,응봉역 경의중앙선,서울 성동구 고산자로 123,37.5504482266748,127.034927944532
374,동대문역 4호선,서울 종로구 율곡로 지하 308,37.5704117093421,127.009546610861
375,고속터미널역 9호선,서울 서초구 신반포로 지하 188,37.504647182738,127.004442096367
376,창신역 6호선,서울 종로구 지봉로 지하 112,37.5800168892429,127.015211194258
377,석계역 6호선,서울 노원구 화랑로 지하 347-1,37.6150480846952,127.066118430844
378,서울역 4호선,서울 용산구 한강대로 지하 392,37.5532000173323,126.972805485095
379,화계역 우이신설선,서울 강북구 삼양로 341,37.6339304770753,127.0172978051
380,공항시장역 9호선,서울 강서구 방화동로 지하 30,37.5635555121815,126.810492268589
381,신반포역 9호선,서울 서초구 신반포로 지하 105,37.503413718529,126.995898957444
382,서빙고역 경의중앙선,서울 용산구 서빙고로 238,37.5199555398566,126.990048630943
383,김포공항역 공항철도,서울 강서구 하늘길 지하 77,37.562144131501,126.801570320177
384,당산역 9호선,서울 영등포구 양평로 지하 40,37.5337405945415,126.902171452197
385,이촌역 4호선,서울 용산구 서빙고로 지하 83,37.522520254623,126.973683151228
386,고속터미널역 7호선,서울 서초구 신반포로 지하 188,37.504647182738,127.004442096367
387,시청역 2호선,서울 중구 서소문로 지하 127,37.5635793508101,126.975389363157
388,대모산입구역 수인분당선,서울 강남구 개포로 지하 522,37.4915453291369,127.07316864715
389,잠실역 8호선,서울 송파구 올림픽로 305,37.5149771693164,127.10421637903
390,종로3가역 5호선,서울 종로구 돈화문로11길 지하 26,37.5725695604894,126.99006167065
391,여의도역 5호선,서울 영등포구 여의나루로 지하 40,37.5218423045786,126.924484687694
392,도봉산역광역환승센터,서울 도봉구 도봉로 955,37.6897506980596,127.04491945608
393,신길역 5호선 3번출구,서울 영등포구 경인로114가길 지하 9,37.5176677017212,126.914336937521
394,양재역 신분당선,서울 서초구 남부순환로 지하 2585,37.4839347328908,127.034544193436
395,왕십리역 수인분당선,서울 성동구 왕십리광장로 17,37.5614417528647,127.038394194396
396,서울역 경의중앙선,서울 중구 통일로 1,37.5560581817344,126.972115894161
397,도봉산역 7호선,서울 도봉구 도봉로 964-40,37.6891205614059,127.046528790935
398,한성백제역 9호선,서울 송파구 위례성대로 지하 29,37.5164647953901,127.116303251765
399,연신내역 6호선,서울 은평구 통일로 지하 849,37.618962003178,126.921162124977
400,홍대입구역 경의중앙선,서울 마포구 양화로 지하 188,37.5574108322996,126.92696154839
401,석촌역 9호선,서울 송파구 백제고분로 지하 368,37.5051304640171,127.106928108844
402,공덕역 공항철도,서울 마포구 마포대로 지하 92,37.5425430367558,126.95219691279
403,가락시장역 3호선,서울 송파구 송파대로 지하 257,37.4927440321316,127.118485741487
404,가좌역 경의중앙선,서울 서대문구 수색로 27,37.5688870324193,126.915149791265
405,동대문역사문화공원역 4호선,서울 중구 장충단로 지하 230,37.5650787698586,127.007550653481
406,청량리역 경의중앙선,서울 동대문구 왕산로 214,37.5841961381161,127.05114707633
407,까치산역 2호선,서울 강서구 강서로 지하 54,37.5319560847746,126.846611592059
408,디지털미디어시티역 경의중앙선,서울 은평구 수색로 193,37.577876499679,126.900250572829
409,천호역 8호선,서울 강동구 천호대로 지하 997,37.5385789820645,127.123742434482
410,선릉역 수인분당선,서울 강남구 테헤란로 지하 340,37.5045028775835,127.048942471228
411,동묘앞역 6호선,서울 종로구 지봉로 지하 24,37.5722005208773,127.015678133819
412,충무로역 4호선,서울 중구 퇴계로 지하 199,37.5611721437347,126.994110800073
413,군자역 7호선,서울 광진구 천호대로 지하 550,37.5573631939521,127.079017279019
414,구룡역 수인분당선,서울 강남구 개포로 지하 403,37.4870878178945,127.059265605498
415,을지로3가역 3호선,서울 중구 을지로 지하 129,37.5662750350156,126.992650024369
416,둔촌오륜역 9호선,서울 강동구 강동대로 지하 303,37.5194242486054,127.138427332482
417,도림천역 2호선,서울 구로구 경인로67길 160,37.5144420510515,126.882702584468
418,왕십리역 경의중앙선,서울 성동구 왕십리광장로 17,37.5614417528647,127.038394194396
419,영등포구청역 5호선,서울 영등포구 양산로 지하 116,37.5242266062117,126.895289064995
420,사평역 9호선,서울 서초구 사평대로 지하 285,37.5041589041223,127.015434196641
421,공덕역 6호선,서울 마포구 백범로 지하 200,37.543526917067,126.951947569181
422,동대문역사문화공원역 5호선,서울 중구 마른내로 지하 162,37.5645770081888,127.005916180124
423,삼양역 우이신설선,서울 강북구 삼양로 지하 259,37.626835165677,127.018198221331
424,마곡나루역 공항철도,서울 강서구 마곡중앙로 지하 135,37.565821296795,126.827634421592
425,회기역 경의중앙선,서울 동대문구 회기로 196,37.5897442387671,127.058035421223
426,고덕지하철차량기지,서울 강동구 고덕동 10-4,37.5702066747734,127.164365513324
427,종로3가역 3호선,서울 종로구 돈화문로 지하 30,37.5711402785938,126.991994361467
428,김포공항역 5호선,서울 강서구 하늘길 지하 77,37.562144131501,126.801570320177
429,종합운동장역 9호선,서울 송파구 올림픽로 지하 23,37.5109692748993,127.073356018706
430,옥수역 경의중앙선,서울 성동구 동호로 21,37.5410468905674,127.018329991576
431,태릉입구역 6호선,서울 노원구 동일로 지하 992-1,37.6179056668897,127.074995390927
432,상봉역 경의중앙선 7번출구,서울 중랑구 상봉동 315-3,37.5974386470356,127.085539960119
433,선정릉역 9호선,서울 강남구 선릉로 지하 580,37.5108538860091,127.043641042222
434,약수역 6호선,서울 중구 다산로 지하 115,37.5538914380831,127.010120543543
435,오금역 3호선,서울 송파구 오금로 지하 321,37.5022659793733,127.127879247544
436,수서역 수인분당선,서울 강남구 광평로 지하 270,37.4873889933503,127.101859191018
437,올림픽공원역 9호선,서울 송파구 양재대로 지하 1231,37.5168868476651,127.130917803204
438,충정로역 5호선,서울 서대문구 충정로 지하 28-1,37.5609934378336,126.963373255365
439,신당역 6호선,서울 중구 다산로 지하 260,37.5662738884121,127.016153533586
440,상봉역 경춘선,서울 중랑구 망우로 297,37.5967137844087,127.085436765164
441,강남구청역 수인분당선,서울 강남구 학동로 지하 346,37.5171892352971,127.04130142966
442,신설동역 2호선,서울 동대문구 왕산로 지하 1,37.5753194830738,127.024701893044
443,솔밭공원역 우이신설선,서울 강북구 삼양로 595,37.6561546882896,127.013091650663
