bottom_left_x,bottom_left_y,top_left_x,top_left_y,top_right_x,top_right_y,bottom_right_x,bottom_right_y
37.5552487,126.7700584,37.5701913,126.7700584,37.5701913,126.7790515,37.5552487,126.7790515
37.5552487,126.7790515,37.5701913,126.7790515,37.5701913,126.78804459999999,37.5552487,126.78804459999999
37.5552487,126.7880446,37.5701913,126.7880446,37.5701913,126.7970377,37.5552487,126.7970377
37.5701913,126.7880446,37.585133899999995,126.7880446,37.585133899999995,126.7970377,37.5701913,126.7970377
37.5403061,126.7970377,37.5552487,126.7970377,37.5552487,126.8060308,37.5403061,126.8060308
37.5552487,126.7970377,37.5701913,126.7970377,37.5701913,126.8060308,37.5552487,126.8060308
37.5701913,126.7970377,37.585133899999995,126.7970377,37.585133899999995,126.8060308,37.5701913,126.8060308
37.5851339,126.7970377,37.6000765,126.7970377,37.6000765,126.8060308,37.5851339,126.8060308
37.5552487,126.8060308,37.5701913,126.8060308,37.5701913,126.8150239,37.5552487,126.8150239
37.5701913,126.8060308,37.585133899999995,126.8060308,37.585133899999995,126.8150239,37.5701913,126.8150239
37.5851339,126.8060308,37.6000765,126.8060308,37.6000765,126.8150239,37.5851339,126.8150239
37.6000765,126.8060308,37.6150191,126.8060308,37.6150191,126.8150239,37.6000765,126.8150239
37.4954783,126.8150239,37.5104209,126.8150239,37.5104209,126.824017,37.4954783,126.824017
37.5552487,126.8150239,37.5701913,126.8150239,37.5701913,126.824017,37.5552487,126.824017
37.5701913,126.8150239,37.585133899999995,126.8150239,37.585133899999995,126.824017,37.5701913,126.824017
37.5851339,126.8150239,37.6000765,126.8150239,37.6000765,126.824017,37.5851339,126.824017
37.4805357,126.824017,37.495478299999995,126.824017,37.495478299999995,126.8330101,37.4805357,126.8330101
37.4954783,126.824017,37.5104209,126.824017,37.5104209,126.8330101,37.4954783,126.8330101
37.5403061,126.824017,37.5552487,126.824017,37.5552487,126.8330101,37.5403061,126.8330101
37.5552487,126.824017,37.5701913,126.824017,37.5701913,126.8330101,37.5552487,126.8330101
37.5701913,126.824017,37.585133899999995,126.824017,37.585133899999995,126.8330101,37.5701913,126.8330101
37.5851339,126.824017,37.6000765,126.824017,37.6000765,126.8330101,37.5851339,126.8330101
37.4805357,126.8330101,37.495478299999995,126.8330101,37.495478299999995,126.8420032,37.4805357,126.8420032
37.4954783,126.8330101,37.5104209,126.8330101,37.5104209,126.8420032,37.4954783,126.8420032
37.5104209,126.8330101,37.5253635,126.8330101,37.5253635,126.8420032,37.5104209,126.8420032
37.5253635,126.8330101,37.540306099999995,126.8330101,37.540306099999995,126.8420032,37.5253635,126.8420032
37.5403061,126.8330101,37.5552487,126.8330101,37.5552487,126.8420032,37.5403061,126.8420032
37.5552487,126.8330101,37.5701913,126.8330101,37.5701913,126.8420032,37.5552487,126.8420032
37.5701913,126.8330101,37.585133899999995,126.8330101,37.585133899999995,126.8420032,37.5701913,126.8420032
37.4805357,126.8420032,37.495478299999995,126.8420032,37.495478299999995,126.85099629999999,37.4805357,126.85099629999999
37.4954783,126.8420032,37.5104209,126.8420032,37.5104209,126.85099629999999,37.4954783,126.85099629999999
37.5104209,126.8420032,37.5253635,126.8420032,37.5253635,126.85099629999999,37.5104209,126.85099629999999
37.5253635,126.8420032,37.540306099999995,126.8420032,37.540306099999995,126.85099629999999,37.5253635,126.85099629999999
37.5403061,126.8420032,37.5552487,126.8420032,37.5552487,126.85099629999999,37.5403061,126.85099629999999
37.5552487,126.8420032,37.5701913,126.8420032,37.5701913,126.85099629999999,37.5552487,126.85099629999999
37.5701913,126.8420032,37.585133899999995,126.8420032,37.585133899999995,126.85099629999999,37.5701913,126.85099629999999
37.4954783,126.8509963,37.5104209,126.8509963,37.5104209,126.8599894,37.4954783,126.8599894
37.5104209,126.8509963,37.5253635,126.8509963,37.5253635,126.8599894,37.5104209,126.8599894
37.5253635,126.8509963,37.540306099999995,126.8509963,37.540306099999995,126.8599894,37.5253635,126.8599894
37.5403061,126.8509963,37.5552487,126.8509963,37.5552487,126.8599894,37.5403061,126.8599894
37.5552487,126.8509963,37.5701913,126.8509963,37.5701913,126.8599894,37.5552487,126.8599894
37.5701913,126.8509963,37.585133899999995,126.8509963,37.585133899999995,126.8599894,37.5701913,126.8599894
37.4954783,126.8599894,37.5104209,126.8599894,37.5104209,126.8689825,37.4954783,126.8689825
37.5104209,126.8599894,37.5253635,126.8599894,37.5253635,126.8689825,37.5104209,126.8689825
37.5253635,126.8599894,37.540306099999995,126.8599894,37.540306099999995,126.8689825,37.5253635,126.8689825
37.5403061,126.8599894,37.5552487,126.8599894,37.5552487,126.8689825,37.5403061,126.8689825
37.5552487,126.8599894,37.5701913,126.8599894,37.5701913,126.8689825,37.5552487,126.8689825
37.5701913,126.8599894,37.585133899999995,126.8599894,37.585133899999995,126.8689825,37.5701913,126.8689825
37.4954783,126.8689825,37.5104209,126.8689825,37.5104209,126.8779756,37.4954783,126.8779756
37.5104209,126.8689825,37.5253635,126.8689825,37.5253635,126.8779756,37.5104209,126.8779756
37.5253635,126.8689825,37.540306099999995,126.8689825,37.540306099999995,126.8779756,37.5253635,126.8779756
37.5403061,126.8689825,37.5552487,126.8689825,37.5552487,126.8779756,37.5403061,126.8779756
37.5552487,126.8689825,37.5701913,126.8689825,37.5701913,126.8779756,37.5552487,126.8779756
37.5701913,126.8689825,37.585133899999995,126.8689825,37.585133899999995,126.8779756,37.5701913,126.8779756
37.4805357,126.8779756,37.495478299999995,126.8779756,37.495478299999995,126.8869687,37.4805357,126.8869687
37.4954783,126.8779756,37.5104209,126.8779756,37.5104209,126.8869687,37.4954783,126.8869687
37.5104209,126.8779756,37.5253635,126.8779756,37.5253635,126.8869687,37.5104209,126.8869687
37.5253635,126.8779756,37.540306099999995,126.8779756,37.540306099999995,126.8869687,37.5253635,126.8869687
37.5403061,126.8779756,37.5552487,126.8779756,37.5552487,126.8869687,37.5403061,126.8869687
37.5552487,126.8779756,37.5701913,126.8779756,37.5701913,126.8869687,37.5552487,126.8869687
37.5701913,126.8779756,37.585133899999995,126.8779756,37.585133899999995,126.8869687,37.5701913,126.8869687
37.5851339,126.8779756,37.6000765,126.8779756,37.6000765,126.8869687,37.5851339,126.8869687
37.4655931,126.8869687,37.4805357,126.8869687,37.4805357,126.8959618,37.4655931,126.8959618
37.4805357,126.8869687,37.495478299999995,126.8869687,37.495478299999995,126.8959618,37.4805357,126.8959618
37.4954783,126.8869687,37.5104209,126.8869687,37.5104209,126.8959618,37.4954783,126.8959618
37.5104209,126.8869687,37.5253635,126.8869687,37.5253635,126.8959618,37.5104209,126.8959618
37.5253635,126.8869687,37.540306099999995,126.8869687,37.540306099999995,126.8959618,37.5253635,126.8959618
37.5403061,126.8869687,37.5552487,126.8869687,37.5552487,126.8959618,37.5403061,126.8959618
37.5552487,126.8869687,37.5701913,126.8869687,37.5701913,126.8959618,37.5552487,126.8959618
37.5701913,126.8869687,37.585133899999995,126.8869687,37.585133899999995,126.8959618,37.5701913,126.8959618
37.5851339,126.8869687,37.6000765,126.8869687,37.6000765,126.8959618,37.5851339,126.8959618
37.4506505,126.8959618,37.4655931,126.8959618,37.4655931,126.90495489999999,37.4506505,126.90495489999999
37.4655931,126.8959618,37.4805357,126.8959618,37.4805357,126.90495489999999,37.4655931,126.90495489999999
37.4805357,126.8959618,37.495478299999995,126.8959618,37.495478299999995,126.90495489999999,37.4805357,126.90495489999999
37.4954783,126.8959618,37.5104209,126.8959618,37.5104209,126.90495489999999,37.4954783,126.90495489999999
37.5104209,126.8959618,37.5253635,126.8959618,37.5253635,126.90495489999999,37.5104209,126.90495489999999
37.5253635,126.8959618,37.540306099999995,126.8959618,37.540306099999995,126.90495489999999,37.5253635,126.90495489999999
37.5403061,126.8959618,37.5552487,126.8959618,37.5552487,126.90495489999999,37.5403061,126.90495489999999
37.5552487,126.8959618,37.5701913,126.8959618,37.5701913,126.90495489999999,37.5552487,126.90495489999999
37.5701913,126.8959618,37.585133899999995,126.8959618,37.585133899999995,126.90495489999999,37.5701913,126.90495489999999
37.5851339,126.8959618,37.6000765,126.8959618,37.6000765,126.90495489999999,37.5851339,126.90495489999999
37.4357079,126.9049549,37.450650499999995,126.9049549,37.450650499999995,126.913948,37.4357079,126.913948
37.4506505,126.9049549,37.4655931,126.9049549,37.4655931,126.913948,37.4506505,126.913948
37.4655931,126.9049549,37.4805357,126.9049549,37.4805357,126.913948,37.4655931,126.913948
37.4805357,126.9049549,37.495478299999995,126.9049549,37.495478299999995,126.913948,37.4805357,126.913948
37.4954783,126.9049549,37.5104209,126.9049549,37.5104209,126.913948,37.4954783,126.913948
37.5104209,126.9049549,37.5253635,126.9049549,37.5253635,126.913948,37.5104209,126.913948
37.5253635,126.9049549,37.540306099999995,126.9049549,37.540306099999995,126.913948,37.5253635,126.913948
37.5403061,126.9049549,37.5552487,126.9049549,37.5552487,126.913948,37.5403061,126.913948
37.5552487,126.9049549,37.5701913,126.9049549,37.5701913,126.913948,37.5552487,126.913948
37.5701913,126.9049549,37.585133899999995,126.9049549,37.585133899999995,126.913948,37.5701913,126.913948
37.5851339,126.9049549,37.6000765,126.9049549,37.6000765,126.913948,37.5851339,126.913948
37.6000765,126.9049549,37.6150191,126.9049549,37.6150191,126.913948,37.6000765,126.913948
37.6150191,126.9049549,37.629961699999996,126.9049549,37.629961699999996,126.913948,37.6150191,126.913948
37.4506505,126.913948,37.4655931,126.913948,37.4655931,126.9229411,37.4506505,126.9229411
37.4655931,126.913948,37.4805357,126.913948,37.4805357,126.9229411,37.4655931,126.9229411
37.4805357,126.913948,37.495478299999995,126.913948,37.495478299999995,126.9229411,37.4805357,126.9229411
37.4954783,126.913948,37.5104209,126.913948,37.5104209,126.9229411,37.4954783,126.9229411
37.5104209,126.913948,37.5253635,126.913948,37.5253635,126.9229411,37.5104209,126.9229411
37.5253635,126.913948,37.540306099999995,126.913948,37.540306099999995,126.9229411,37.5253635,126.9229411
37.5403061,126.913948,37.5552487,126.913948,37.5552487,126.9229411,37.5403061,126.9229411
37.5552487,126.913948,37.5701913,126.913948,37.5701913,126.9229411,37.5552487,126.9229411
37.5701913,126.913948,37.585133899999995,126.913948,37.585133899999995,126.9229411,37.5701913,126.9229411
37.5851339,126.913948,37.6000765,126.913948,37.6000765,126.9229411,37.5851339,126.9229411
37.6000765,126.913948,37.6150191,126.913948,37.6150191,126.9229411,37.6000765,126.9229411
37.6150191,126.913948,37.629961699999996,126.913948,37.629961699999996,126.9229411,37.6150191,126.9229411
37.6299617,126.913948,37.6449043,126.913948,37.6449043,126.9229411,37.6299617,126.9229411
37.4506505,126.9229411,37.4655931,126.9229411,37.4655931,126.9319342,37.4506505,126.9319342
37.4655931,126.9229411,37.4805357,126.9229411,37.4805357,126.9319342,37.4655931,126.9319342
37.4805357,126.9229411,37.495478299999995,126.9229411,37.495478299999995,126.9319342,37.4805357,126.9319342
37.4954783,126.9229411,37.5104209,126.9229411,37.5104209,126.9319342,37.4954783,126.9319342
37.5104209,126.9229411,37.5253635,126.9229411,37.5253635,126.9319342,37.5104209,126.9319342
37.5253635,126.9229411,37.540306099999995,126.9229411,37.540306099999995,126.9319342,37.5253635,126.9319342
37.5403061,126.9229411,37.5552487,126.9229411,37.5552487,126.9319342,37.5403061,126.9319342
37.5552487,126.9229411,37.5701913,126.9229411,37.5701913,126.9319342,37.5552487,126.9319342
37.5701913,126.9229411,37.585133899999995,126.9229411,37.585133899999995,126.9319342,37.5701913,126.9319342
37.5851339,126.9229411,37.6000765,126.9229411,37.6000765,126.9319342,37.5851339,126.9319342
37.6000765,126.9229411,37.6150191,126.9229411,37.6150191,126.9319342,37.6000765,126.9319342
37.6150191,126.9229411,37.629961699999996,126.9229411,37.629961699999996,126.9319342,37.6150191,126.9319342
37.6299617,126.9229411,37.6449043,126.9229411,37.6449043,126.9319342,37.6299617,126.9319342
37.6449043,126.9229411,37.6598469,126.9229411,37.6598469,126.9319342,37.6449043,126.9319342
37.4506505,126.9319342,37.4655931,126.9319342,37.4655931,126.9409273,37.4506505,126.9409273
37.4655931,126.9319342,37.4805357,126.9319342,37.4805357,126.9409273,37.4655931,126.9409273
37.4805357,126.9319342,37.495478299999995,126.9319342,37.495478299999995,126.9409273,37.4805357,126.9409273
37.4954783,126.9319342,37.5104209,126.9319342,37.5104209,126.9409273,37.4954783,126.9409273
37.5104209,126.9319342,37.5253635,126.9319342,37.5253635,126.9409273,37.5104209,126.9409273
37.5253635,126.9319342,37.540306099999995,126.9319342,37.540306099999995,126.9409273,37.5253635,126.9409273
37.5403061,126.9319342,37.5552487,126.9319342,37.5552487,126.9409273,37.5403061,126.9409273
37.5552487,126.9319342,37.5701913,126.9319342,37.5701913,126.9409273,37.5552487,126.9409273
37.5701913,126.9319342,37.585133899999995,126.9319342,37.585133899999995,126.9409273,37.5701913,126.9409273
37.5851339,126.9319342,37.6000765,126.9319342,37.6000765,126.9409273,37.5851339,126.9409273
37.6000765,126.9319342,37.6150191,126.9319342,37.6150191,126.9409273,37.6000765,126.9409273
37.6150191,126.9319342,37.629961699999996,126.9319342,37.629961699999996,126.9409273,37.6150191,126.9409273
37.6299617,126.9319342,37.6449043,126.9319342,37.6449043,126.9409273,37.6299617,126.9409273
37.6449043,126.9319342,37.6598469,126.9319342,37.6598469,126.9409273,37.6449043,126.9409273
37.4506505,126.9409273,37.4655931,126.9409273,37.4655931,126.9499204,37.4506505,126.9499204
37.4655931,126.9409273,37.4805357,126.9409273,37.4805357,126.9499204,37.4655931,126.9499204
37.4805357,126.9409273,37.495478299999995,126.9409273,37.495478299999995,126.9499204,37.4805357,126.9499204
37.4954783,126.9409273,37.5104209,126.9409273,37.5104209,126.9499204,37.4954783,126.9499204
37.5104209,126.9409273,37.5253635,126.9409273,37.5253635,126.9499204,37.5104209,126.9499204
37.5253635,126.9409273,37.540306099999995,126.9409273,37.540306099999995,126.9499204,37.5253635,126.9499204
37.5403061,126.9409273,37.5552487,126.9409273,37.5552487,126.9499204,37.5403061,126.9499204
37.5552487,126.9409273,37.5701913,126.9409273,37.5701913,126.9499204,37.5552487,126.9499204
37.5701913,126.9409273,37.585133899999995,126.9409273,37.585133899999995,126.9499204,37.5701913,126.9499204
37.5851339,126.9409273,37.6000765,126.9409273,37.6000765,126.9499204,37.5851339,126.9499204
37.6000765,126.9409273,37.6150191,126.9409273,37.6150191,126.9499204,37.6000765,126.9499204
37.6150191,126.9409273,37.629961699999996,126.9409273,37.629961699999996,126.9499204,37.6150191,126.9499204
37.6299617,126.9409273,37.6449043,126.9409273,37.6449043,126.9499204,37.6299617,126.9499204
37.6449043,126.9409273,37.6598469,126.9409273,37.6598469,126.9499204,37.6449043,126.9499204
37.4506505,126.9499204,37.4655931,126.9499204,37.4655931,126.9589135,37.4506505,126.9589135
37.4655931,126.9499204,37.4805357,126.9499204,37.4805357,126.9589135,37.4655931,126.9589135
37.4805357,126.9499204,37.495478299999995,126.9499204,37.495478299999995,126.9589135,37.4805357,126.9589135
37.4954783,126.9499204,37.5104209,126.9499204,37.5104209,126.9589135,37.4954783,126.9589135
37.5104209,126.9499204,37.5253635,126.9499204,37.5253635,126.9589135,37.5104209,126.9589135
37.5253635,126.9499204,37.540306099999995,126.9499204,37.540306099999995,126.9589135,37.5253635,126.9589135
37.5403061,126.9499204,37.5552487,126.9499204,37.5552487,126.9589135,37.5403061,126.9589135
37.5552487,126.9499204,37.5701913,126.9499204,37.5701913,126.9589135,37.5552487,126.9589135
37.5701913,126.9499204,37.585133899999995,126.9499204,37.585133899999995,126.9589135,37.5701913,126.9589135
37.5851339,126.9499204,37.6000765,126.9499204,37.6000765,126.9589135,37.5851339,126.9589135
37.6000765,126.9499204,37.6150191,126.9499204,37.6150191,126.9589135,37.6000765,126.9589135
37.6150191,126.9499204,37.629961699999996,126.9499204,37.629961699999996,126.9589135,37.6150191,126.9589135
37.6299617,126.9499204,37.6449043,126.9499204,37.6449043,126.9589135,37.6299617,126.9589135
37.6449043,126.9499204,37.6598469,126.9499204,37.6598469,126.9589135,37.6449043,126.9589135
37.4506505,126.9589135,37.4655931,126.9589135,37.4655931,126.96790659999999,37.4506505,126.96790659999999
37.4655931,126.9589135,37.4805357,126.9589135,37.4805357,126.96790659999999,37.4655931,126.96790659999999
37.4805357,126.9589135,37.495478299999995,126.9589135,37.495478299999995,126.96790659999999,37.4805357,126.96790659999999
37.4954783,126.9589135,37.5104209,126.9589135,37.5104209,126.96790659999999,37.4954783,126.96790659999999
37.5104209,126.9589135,37.5253635,126.9589135,37.5253635,126.96790659999999,37.5104209,126.96790659999999
37.5253635,126.9589135,37.540306099999995,126.9589135,37.540306099999995,126.96790659999999,37.5253635,126.96790659999999
37.5403061,126.9589135,37.5552487,126.9589135,37.5552487,126.96790659999999,37.5403061,126.96790659999999
37.5552487,126.9589135,37.5701913,126.9589135,37.5701913,126.96790659999999,37.5552487,126.96790659999999
37.5701913,126.9589135,37.585133899999995,126.9589135,37.585133899999995,126.96790659999999,37.5701913,126.96790659999999
37.5851339,126.9589135,37.6000765,126.9589135,37.6000765,126.96790659999999,37.5851339,126.96790659999999
37.6000765,126.9589135,37.6150191,126.9589135,37.6150191,126.96790659999999,37.6000765,126.96790659999999
37.6150191,126.9589135,37.629961699999996,126.9589135,37.629961699999996,126.96790659999999,37.6150191,126.96790659999999
37.6299617,126.9589135,37.6449043,126.9589135,37.6449043,126.96790659999999,37.6299617,126.96790659999999
37.6449043,126.9589135,37.6598469,126.9589135,37.6598469,126.96790659999999,37.6449043,126.96790659999999
37.4506505,126.9679066,37.4655931,126.9679066,37.4655931,126.9768997,37.4506505,126.9768997
37.4655931,126.9679066,37.4805357,126.9679066,37.4805357,126.9768997,37.4655931,126.9768997
37.4805357,126.9679066,37.495478299999995,126.9679066,37.495478299999995,126.9768997,37.4805357,126.9768997
37.4954783,126.9679066,37.5104209,126.9679066,37.5104209,126.9768997,37.4954783,126.9768997
37.5104209,126.9679066,37.5253635,126.9679066,37.5253635,126.9768997,37.5104209,126.9768997
37.5253635,126.9679066,37.540306099999995,126.9679066,37.540306099999995,126.9768997,37.5253635,126.9768997
37.5403061,126.9679066,37.5552487,126.9679066,37.5552487,126.9768997,37.5403061,126.9768997
37.5552487,126.9679066,37.5701913,126.9679066,37.5701913,126.9768997,37.5552487,126.9768997
37.5701913,126.9679066,37.585133899999995,126.9679066,37.585133899999995,126.9768997,37.5701913,126.9768997
37.5851339,126.9679066,37.6000765,126.9679066,37.6000765,126.9768997,37.5851339,126.9768997
37.6000765,126.9679066,37.6150191,126.9679066,37.6150191,126.9768997,37.6000765,126.9768997
37.6150191,126.9679066,37.629961699999996,126.9679066,37.629961699999996,126.9768997,37.6150191,126.9768997
37.6299617,126.9679066,37.6449043,126.9679066,37.6449043,126.9768997,37.6299617,126.9768997
37.4655931,126.9768997,37.4805357,126.9768997,37.4805357,126.9858928,37.4655931,126.9858928
37.4805357,126.9768997,37.495478299999995,126.9768997,37.495478299999995,126.9858928,37.4805357,126.9858928
37.4954783,126.9768997,37.5104209,126.9768997,37.5104209,126.9858928,37.4954783,126.9858928
37.5104209,126.9768997,37.5253635,126.9768997,37.5253635,126.9858928,37.5104209,126.9858928
37.5253635,126.9768997,37.540306099999995,126.9768997,37.540306099999995,126.9858928,37.5253635,126.9858928
37.5403061,126.9768997,37.5552487,126.9768997,37.5552487,126.9858928,37.5403061,126.9858928
37.5552487,126.9768997,37.5701913,126.9768997,37.5701913,126.9858928,37.5552487,126.9858928
37.5701913,126.9768997,37.585133899999995,126.9768997,37.585133899999995,126.9858928,37.5701913,126.9858928
37.5851339,126.9768997,37.6000765,126.9768997,37.6000765,126.9858928,37.5851339,126.9858928
37.6000765,126.9768997,37.6150191,126.9768997,37.6150191,126.9858928,37.6000765,126.9858928
37.6150191,126.9768997,37.629961699999996,126.9768997,37.629961699999996,126.9858928,37.6150191,126.9858928
37.6299617,126.9768997,37.6449043,126.9768997,37.6449043,126.9858928,37.6299617,126.9858928
37.4655931,126.9858928,37.4805357,126.9858928,37.4805357,126.9948859,37.4655931,126.9948859
37.4805357,126.9858928,37.495478299999995,126.9858928,37.495478299999995,126.9948859,37.4805357,126.9948859
37.4954783,126.9858928,37.5104209,126.9858928,37.5104209,126.9948859,37.4954783,126.9948859
37.5104209,126.9858928,37.5253635,126.9858928,37.5253635,126.9948859,37.5104209,126.9948859
37.5253635,126.9858928,37.540306099999995,126.9858928,37.540306099999995,126.9948859,37.5253635,126.9948859
37.5403061,126.9858928,37.5552487,126.9858928,37.5552487,126.9948859,37.5403061,126.9948859
37.5552487,126.9858928,37.5701913,126.9858928,37.5701913,126.9948859,37.5552487,126.9948859
37.5701913,126.9858928,37.585133899999995,126.9858928,37.585133899999995,126.9948859,37.5701913,126.9948859
37.5851339,126.9858928,37.6000765,126.9858928,37.6000765,126.9948859,37.5851339,126.9948859
37.6000765,126.9858928,37.6150191,126.9858928,37.6150191,126.9948859,37.6000765,126.9948859
37.6150191,126.9858928,37.629961699999996,126.9858928,37.629961699999996,126.9948859,37.6150191,126.9948859
37.6299617,126.9858928,37.6449043,126.9858928,37.6449043,126.9948859,37.6299617,126.9948859
37.6449043,126.9858928,37.6598469,126.9858928,37.6598469,126.9948859,37.6449043,126.9948859
37.4655931,126.9948859,37.4805357,126.9948859,37.4805357,127.003879,37.4655931,127.003879
37.4805357,126.9948859,37.495478299999995,126.9948859,37.495478299999995,127.003879,37.4805357,127.003879
37.4954783,126.9948859,37.5104209,126.9948859,37.5104209,127.003879,37.4954783,127.003879
37.5104209,126.9948859,37.5253635,126.9948859,37.5253635,127.003879,37.5104209,127.003879
37.5253635,126.9948859,37.540306099999995,126.9948859,37.540306099999995,127.003879,37.5253635,127.003879
37.5403061,126.9948859,37.5552487,126.9948859,37.5552487,127.003879,37.5403061,127.003879
37.5552487,126.9948859,37.5701913,126.9948859,37.5701913,127.003879,37.5552487,127.003879
37.5701913,126.9948859,37.585133899999995,126.9948859,37.585133899999995,127.003879,37.5701913,127.003879
37.5851339,126.9948859,37.6000765,126.9948859,37.6000765,127.003879,37.5851339,127.003879
37.6000765,126.9948859,37.6150191,126.9948859,37.6150191,127.003879,37.6000765,127.003879
37.6150191,126.9948859,37.629961699999996,126.9948859,37.629961699999996,127.003879,37.6150191,127.003879
37.6299617,126.9948859,37.6449043,126.9948859,37.6449043,127.003879,37.6299617,127.003879
37.6449043,126.9948859,37.6598469,126.9948859,37.6598469,127.003879,37.6449043,127.003879
37.6598469,126.9948859,37.674789499999996,126.9948859,37.674789499999996,127.003879,37.6598469,127.003879
37.6747895,126.9948859,37.6897321,126.9948859,37.6897321,127.003879,37.6747895,127.003879
37.4805357,127.003879,37.495478299999995,127.003879,37.495478299999995,127.0128721,37.4805357,127.0128721
37.4954783,127.003879,37.5104209,127.003879,37.5104209,127.0128721,37.4954783,127.0128721
37.5104209,127.003879,37.5253635,127.003879,37.5253635,127.0128721,37.5104209,127.0128721
37.5253635,127.003879,37.540306099999995,127.003879,37.540306099999995,127.0128721,37.5253635,127.0128721
37.5403061,127.003879,37.5552487,127.003879,37.5552487,127.0128721,37.5403061,127.0128721
37.5552487,127.003879,37.5701913,127.003879,37.5701913,127.0128721,37.5552487,127.0128721
37.5701913,127.003879,37.585133899999995,127.003879,37.585133899999995,127.0128721,37.5701913,127.0128721
37.5851339,127.003879,37.6000765,127.003879,37.6000765,127.0128721,37.5851339,127.0128721
37.6000765,127.003879,37.6150191,127.003879,37.6150191,127.0128721,37.6000765,127.0128721
37.6150191,127.003879,37.629961699999996,127.003879,37.629961699999996,127.0128721,37.6150191,127.0128721
37.6299617,127.003879,37.6449043,127.003879,37.6449043,127.0128721,37.6299617,127.0128721
37.6449043,127.003879,37.6598469,127.003879,37.6598469,127.0128721,37.6449043,127.0128721
37.6598469,127.003879,37.674789499999996,127.003879,37.674789499999996,127.0128721,37.6598469,127.0128721
37.6747895,127.003879,37.6897321,127.003879,37.6897321,127.0128721,37.6747895,127.0128721
37.4655931,127.0128721,37.4805357,127.0128721,37.4805357,127.0218652,37.4655931,127.0218652
37.4805357,127.0128721,37.495478299999995,127.0128721,37.495478299999995,127.0218652,37.4805357,127.0218652
37.4954783,127.0128721,37.5104209,127.0128721,37.5104209,127.0218652,37.4954783,127.0218652
37.5104209,127.0128721,37.5253635,127.0128721,37.5253635,127.0218652,37.5104209,127.0218652
37.5253635,127.0128721,37.540306099999995,127.0128721,37.540306099999995,127.0218652,37.5253635,127.0218652
37.5403061,127.0128721,37.5552487,127.0128721,37.5552487,127.0218652,37.5403061,127.0218652
37.5552487,127.0128721,37.5701913,127.0128721,37.5701913,127.0218652,37.5552487,127.0218652
37.5701913,127.0128721,37.585133899999995,127.0128721,37.585133899999995,127.0218652,37.5701913,127.0218652
37.5851339,127.0128721,37.6000765,127.0128721,37.6000765,127.0218652,37.5851339,127.0218652
37.6000765,127.0128721,37.6150191,127.0128721,37.6150191,127.0218652,37.6000765,127.0218652
37.6150191,127.0128721,37.629961699999996,127.0128721,37.629961699999996,127.0218652,37.6150191,127.0218652
37.6299617,127.0128721,37.6449043,127.0128721,37.6449043,127.0218652,37.6299617,127.0218652
37.6449043,127.0128721,37.6598469,127.0128721,37.6598469,127.0218652,37.6449043,127.0218652
37.6598469,127.0128721,37.674789499999996,127.0128721,37.674789499999996,127.0218652,37.6598469,127.0218652
37.6747895,127.0128721,37.6897321,127.0128721,37.6897321,127.0218652,37.6747895,127.0218652
37.6897321,127.0128721,37.7046747,127.0128721,37.7046747,127.0218652,37.6897321,127.0218652
37.4655931,127.0218652,37.4805357,127.0218652,37.4805357,127.03085829999999,37.4655931,127.03085829999999
37.4805357,127.0218652,37.495478299999995,127.0218652,37.495478299999995,127.03085829999999,37.4805357,127.03085829999999
37.4954783,127.0218652,37.5104209,127.0218652,37.5104209,127.03085829999999,37.4954783,127.03085829999999
37.5104209,127.0218652,37.5253635,127.0218652,37.5253635,127.03085829999999,37.5104209,127.03085829999999
37.5253635,127.0218652,37.540306099999995,127.0218652,37.540306099999995,127.03085829999999,37.5253635,127.03085829999999
37.5403061,127.0218652,37.5552487,127.0218652,37.5552487,127.03085829999999,37.5403061,127.03085829999999
37.5552487,127.0218652,37.5701913,127.0218652,37.5701913,127.03085829999999,37.5552487,127.03085829999999
37.5701913,127.0218652,37.585133899999995,127.0218652,37.585133899999995,127.03085829999999,37.5701913,127.03085829999999
37.5851339,127.0218652,37.6000765,127.0218652,37.6000765,127.03085829999999,37.5851339,127.03085829999999
37.6000765,127.0218652,37.6150191,127.0218652,37.6150191,127.03085829999999,37.6000765,127.03085829999999
37.6150191,127.0218652,37.629961699999996,127.0218652,37.629961699999996,127.03085829999999,37.6150191,127.03085829999999
37.6299617,127.0218652,37.6449043,127.0218652,37.6449043,127.03085829999999,37.6299617,127.03085829999999
37.6449043,127.0218652,37.6598469,127.0218652,37.6598469,127.03085829999999,37.6449043,127.03085829999999
37.6598469,127.0218652,37.674789499999996,127.0218652,37.674789499999996,127.03085829999999,37.6598469,127.03085829999999
37.6747895,127.0218652,37.6897321,127.0218652,37.6897321,127.03085829999999,37.6747895,127.03085829999999
37.6897321,127.0218652,37.7046747,127.0218652,37.7046747,127.03085829999999,37.6897321,127.03085829999999
37.4655931,127.0308583,37.4805357,127.0308583,37.4805357,127.0398514,37.4655931,127.0398514
37.4805357,127.0308583,37.495478299999995,127.0308583,37.495478299999995,127.0398514,37.4805357,127.0398514
37.4954783,127.0308583,37.5104209,127.0308583,37.5104209,127.0398514,37.4954783,127.0398514
37.5104209,127.0308583,37.5253635,127.0308583,37.5253635,127.0398514,37.5104209,127.0398514
37.5253635,127.0308583,37.540306099999995,127.0308583,37.540306099999995,127.0398514,37.5253635,127.0398514
37.5403061,127.0308583,37.5552487,127.0308583,37.5552487,127.0398514,37.5403061,127.0398514
37.5552487,127.0308583,37.5701913,127.0308583,37.5701913,127.0398514,37.5552487,127.0398514
37.5701913,127.0308583,37.585133899999995,127.0308583,37.585133899999995,127.0398514,37.5701913,127.0398514
37.5851339,127.0308583,37.6000765,127.0308583,37.6000765,127.0398514,37.5851339,127.0398514
37.6000765,127.0308583,37.6150191,127.0308583,37.6150191,127.0398514,37.6000765,127.0398514
37.6150191,127.0308583,37.629961699999996,127.0308583,37.629961699999996,127.0398514,37.6150191,127.0398514
37.6299617,127.0308583,37.6449043,127.0308583,37.6449043,127.0398514,37.6299617,127.0398514
37.6449043,127.0308583,37.6598469,127.0308583,37.6598469,127.0398514,37.6449043,127.0398514
37.6598469,127.0308583,37.674789499999996,127.0308583,37.674789499999996,127.0398514,37.6598469,127.0398514
37.6747895,127.0308583,37.6897321,127.0308583,37.6897321,127.0398514,37.6747895,127.0398514
37.6897321,127.0308583,37.7046747,127.0308583,37.7046747,127.0398514,37.6897321,127.0398514
37.4506505,127.0398514,37.4655931,127.0398514,37.4655931,127.0488445,37.4506505,127.0488445
37.4655931,127.0398514,37.4805357,127.0398514,37.4805357,127.0488445,37.4655931,127.0488445
37.4805357,127.0398514,37.495478299999995,127.0398514,37.495478299999995,127.0488445,37.4805357,127.0488445
37.4954783,127.0398514,37.5104209,127.0398514,37.5104209,127.0488445,37.4954783,127.0488445
37.5104209,127.0398514,37.5253635,127.0398514,37.5253635,127.0488445,37.5104209,127.0488445
37.5253635,127.0398514,37.540306099999995,127.0398514,37.540306099999995,127.0488445,37.5253635,127.0488445
37.5403061,127.0398514,37.5552487,127.0398514,37.5552487,127.0488445,37.5403061,127.0488445
37.5552487,127.0398514,37.5701913,127.0398514,37.5701913,127.0488445,37.5552487,127.0488445
37.5701913,127.0398514,37.585133899999995,127.0398514,37.585133899999995,127.0488445,37.5701913,127.0488445
37.5851339,127.0398514,37.6000765,127.0398514,37.6000765,127.0488445,37.5851339,127.0488445
37.6000765,127.0398514,37.6150191,127.0398514,37.6150191,127.0488445,37.6000765,127.0488445
37.6150191,127.0398514,37.629961699999996,127.0398514,37.629961699999996,127.0488445,37.6150191,127.0488445
37.6299617,127.0398514,37.6449043,127.0398514,37.6449043,127.0488445,37.6299617,127.0488445
37.6449043,127.0398514,37.6598469,127.0398514,37.6598469,127.0488445,37.6449043,127.0488445
37.6598469,127.0398514,37.674789499999996,127.0398514,37.674789499999996,127.0488445,37.6598469,127.0488445
37.6747895,127.0398514,37.6897321,127.0398514,37.6897321,127.0488445,37.6747895,127.0488445
37.6897321,127.0398514,37.7046747,127.0398514,37.7046747,127.0488445,37.6897321,127.0488445
37.4357079,127.0488445,37.450650499999995,127.0488445,37.450650499999995,127.0578376,37.4357079,127.0578376
37.4506505,127.0488445,37.4655931,127.0488445,37.4655931,127.0578376,37.4506505,127.0578376
37.4655931,127.0488445,37.4805357,127.0488445,37.4805357,127.0578376,37.4655931,127.0578376
37.4805357,127.0488445,37.495478299999995,127.0488445,37.495478299999995,127.0578376,37.4805357,127.0578376
37.4954783,127.0488445,37.5104209,127.0488445,37.5104209,127.0578376,37.4954783,127.0578376
37.5104209,127.0488445,37.5253635,127.0488445,37.5253635,127.0578376,37.5104209,127.0578376
37.5253635,127.0488445,37.540306099999995,127.0488445,37.540306099999995,127.0578376,37.5253635,127.0578376
37.5403061,127.0488445,37.5552487,127.0488445,37.5552487,127.0578376,37.5403061,127.0578376
37.5552487,127.0488445,37.5701913,127.0488445,37.5701913,127.0578376,37.5552487,127.0578376
37.5701913,127.0488445,37.585133899999995,127.0488445,37.585133899999995,127.0578376,37.5701913,127.0578376
37.5851339,127.0488445,37.6000765,127.0488445,37.6000765,127.0578376,37.5851339,127.0578376
37.6000765,127.0488445,37.6150191,127.0488445,37.6150191,127.0578376,37.6000765,127.0578376
37.6150191,127.0488445,37.629961699999996,127.0488445,37.629961699999996,127.0578376,37.6150191,127.0578376
37.6299617,127.0488445,37.6449043,127.0488445,37.6449043,127.0578376,37.6299617,127.0578376
37.6449043,127.0488445,37.6598469,127.0488445,37.6598469,127.0578376,37.6449043,127.0578376
37.6598469,127.0488445,37.674789499999996,127.0488445,37.674789499999996,127.0578376,37.6598469,127.0578376
37.6747895,127.0488445,37.6897321,127.0488445,37.6897321,127.0578376,37.6747895,127.0578376
37.6897321,127.0488445,37.7046747,127.0488445,37.7046747,127.0578376,37.6897321,127.0578376
37.4357079,127.0578376,37.450650499999995,127.0578376,37.450650499999995,127.0668307,37.4357079,127.0668307
37.4506505,127.0578376,37.4655931,127.0578376,37.4655931,127.0668307,37.4506505,127.0668307
37.4655931,127.0578376,37.4805357,127.0578376,37.4805357,127.0668307,37.4655931,127.0668307
37.4805357,127.0578376,37.495478299999995,127.0578376,37.495478299999995,127.0668307,37.4805357,127.0668307
37.4954783,127.0578376,37.5104209,127.0578376,37.5104209,127.0668307,37.4954783,127.0668307
37.5104209,127.0578376,37.5253635,127.0578376,37.5253635,127.0668307,37.5104209,127.0668307
37.5253635,127.0578376,37.540306099999995,127.0578376,37.540306099999995,127.0668307,37.5253635,127.0668307
37.5403061,127.0578376,37.5552487,127.0578376,37.5552487,127.0668307,37.5403061,127.0668307
37.5552487,127.0578376,37.5701913,127.0578376,37.5701913,127.0668307,37.5552487,127.0668307
37.5701913,127.0578376,37.585133899999995,127.0578376,37.585133899999995,127.0668307,37.5701913,127.0668307
37.5851339,127.0578376,37.6000765,127.0578376,37.6000765,127.0668307,37.5851339,127.0668307
37.6000765,127.0578376,37.6150191,127.0578376,37.6150191,127.0668307,37.6000765,127.0668307
37.6150191,127.0578376,37.629961699999996,127.0578376,37.629961699999996,127.0668307,37.6150191,127.0668307
37.6299617,127.0578376,37.6449043,127.0578376,37.6449043,127.0668307,37.6299617,127.0668307
37.6449043,127.0578376,37.6598469,127.0578376,37.6598469,127.0668307,37.6449043,127.0668307
37.6598469,127.0578376,37.674789499999996,127.0578376,37.674789499999996,127.0668307,37.6598469,127.0668307
37.6747895,127.0578376,37.6897321,127.0578376,37.6897321,127.0668307,37.6747895,127.0668307
37.4357079,127.0668307,37.450650499999995,127.0668307,37.450650499999995,127.0758238,37.4357079,127.0758238
37.4506505,127.0668307,37.4655931,127.0668307,37.4655931,127.0758238,37.4506505,127.0758238
37.4655931,127.0668307,37.4805357,127.0668307,37.4805357,127.0758238,37.4655931,127.0758238
37.4805357,127.0668307,37.495478299999995,127.0668307,37.495478299999995,127.0758238,37.4805357,127.0758238
37.4954783,127.0668307,37.5104209,127.0668307,37.5104209,127.0758238,37.4954783,127.0758238
37.5104209,127.0668307,37.5253635,127.0668307,37.5253635,127.0758238,37.5104209,127.0758238
37.5253635,127.0668307,37.540306099999995,127.0668307,37.540306099999995,127.0758238,37.5253635,127.0758238
37.5403061,127.0668307,37.5552487,127.0668307,37.5552487,127.0758238,37.5403061,127.0758238
37.5552487,127.0668307,37.5701913,127.0668307,37.5701913,127.0758238,37.5552487,127.0758238
37.5701913,127.0668307,37.585133899999995,127.0668307,37.585133899999995,127.0758238,37.5701913,127.0758238
37.5851339,127.0668307,37.6000765,127.0668307,37.6000765,127.0758238,37.5851339,127.0758238
37.6000765,127.0668307,37.6150191,127.0668307,37.6150191,127.0758238,37.6000765,127.0758238
37.6150191,127.0668307,37.629961699999996,127.0668307,37.629961699999996,127.0758238,37.6150191,127.0758238
37.6299617,127.0668307,37.6449043,127.0668307,37.6449043,127.0758238,37.6299617,127.0758238
37.6449043,127.0668307,37.6598469,127.0668307,37.6598469,127.0758238,37.6449043,127.0758238
37.6598469,127.0668307,37.674789499999996,127.0668307,37.674789499999996,127.0758238,37.6598469,127.0758238
37.6747895,127.0668307,37.6897321,127.0668307,37.6897321,127.0758238,37.6747895,127.0758238
37.6897321,127.0668307,37.7046747,127.0668307,37.7046747,127.0758238,37.6897321,127.0758238
37.4506505,127.0758238,37.4655931,127.0758238,37.4655931,127.08481689999999,37.4506505,127.08481689999999
37.4655931,127.0758238,37.4805357,127.0758238,37.4805357,127.08481689999999,37.4655931,127.08481689999999
37.4805357,127.0758238,37.495478299999995,127.0758238,37.495478299999995,127.08481689999999,37.4805357,127.08481689999999
37.4954783,127.0758238,37.5104209,127.0758238,37.5104209,127.08481689999999,37.4954783,127.08481689999999
37.5104209,127.0758238,37.5253635,127.0758238,37.5253635,127.08481689999999,37.5104209,127.08481689999999
37.5253635,127.0758238,37.540306099999995,127.0758238,37.540306099999995,127.08481689999999,37.5253635,127.08481689999999
37.5403061,127.0758238,37.5552487,127.0758238,37.5552487,127.08481689999999,37.5403061,127.08481689999999
37.5552487,127.0758238,37.5701913,127.0758238,37.5701913,127.08481689999999,37.5552487,127.08481689999999
37.5701913,127.0758238,37.585133899999995,127.0758238,37.585133899999995,127.08481689999999,37.5701913,127.08481689999999
37.5851339,127.0758238,37.6000765,127.0758238,37.6000765,127.08481689999999,37.5851339,127.08481689999999
37.6000765,127.0758238,37.6150191,127.0758238,37.6150191,127.08481689999999,37.6000765,127.08481689999999
37.6150191,127.0758238,37.629961699999996,127.0758238,37.629961699999996,127.08481689999999,37.6150191,127.08481689999999
37.6299617,127.0758238,37.6449043,127.0758238,37.6449043,127.08481689999999,37.6299617,127.08481689999999
37.6449043,127.0758238,37.6598469,127.0758238,37.6598469,127.08481689999999,37.6449043,127.08481689999999
37.6598469,127.0758238,37.674789499999996,127.0758238,37.674789499999996,127.08481689999999,37.6598469,127.08481689999999
37.6747895,127.0758238,37.6897321,127.0758238,37.6897321,127.08481689999999,37.6747895,127.08481689999999
37.6897321,127.0758238,37.7046747,127.0758238,37.7046747,127.08481689999999,37.6897321,127.08481689999999
37.4506505,127.0848169,37.4655931,127.0848169,37.4655931,127.09381,37.4506505,127.09381
37.4655931,127.0848169,37.4805357,127.0848169,37.4805357,127.09381,37.4655931,127.09381
37.4805357,127.0848169,37.495478299999995,127.0848169,37.495478299999995,127.09381,37.4805357,127.09381
37.4954783,127.0848169,37.5104209,127.0848169,37.5104209,127.09381,37.4954783,127.09381
37.5104209,127.0848169,37.5253635,127.0848169,37.5253635,127.09381,37.5104209,127.09381
37.5253635,127.0848169,37.540306099999995,127.0848169,37.540306099999995,127.09381,37.5253635,127.09381
37.5403061,127.0848169,37.5552487,127.0848169,37.5552487,127.09381,37.5403061,127.09381
37.5552487,127.0848169,37.5701913,127.0848169,37.5701913,127.09381,37.5552487,127.09381
37.5701913,127.0848169,37.585133899999995,127.0848169,37.585133899999995,127.09381,37.5701913,127.09381
37.5851339,127.0848169,37.6000765,127.0848169,37.6000765,127.09381,37.5851339,127.09381
37.6000765,127.0848169,37.6150191,127.0848169,37.6150191,127.09381,37.6000765,127.09381
37.6150191,127.0848169,37.629961699999996,127.0848169,37.629961699999996,127.09381,37.6150191,127.09381
37.6299617,127.0848169,37.6449043,127.0848169,37.6449043,127.09381,37.6299617,127.09381
37.6449043,127.0848169,37.6598469,127.0848169,37.6598469,127.09381,37.6449043,127.09381
37.6598469,127.0848169,37.674789499999996,127.0848169,37.674789499999996,127.09381,37.6598469,127.09381
37.6747895,127.0848169,37.6897321,127.0848169,37.6897321,127.09381,37.6747895,127.09381
37.6897321,127.0848169,37.7046747,127.0848169,37.7046747,127.09381,37.6897321,127.09381
37.4655931,127.09381,37.4805357,127.09381,37.4805357,127.1028031,37.4655931,127.1028031
37.4805357,127.09381,37.495478299999995,127.09381,37.495478299999995,127.1028031,37.4805357,127.1028031
37.4954783,127.09381,37.5104209,127.09381,37.5104209,127.1028031,37.4954783,127.1028031
37.5104209,127.09381,37.5253635,127.09381,37.5253635,127.1028031,37.5104209,127.1028031
37.5253635,127.09381,37.540306099999995,127.09381,37.540306099999995,127.1028031,37.5253635,127.1028031
37.5403061,127.09381,37.5552487,127.09381,37.5552487,127.1028031,37.5403061,127.1028031
37.5552487,127.09381,37.5701913,127.09381,37.5701913,127.1028031,37.5552487,127.1028031
37.5701913,127.09381,37.585133899999995,127.09381,37.585133899999995,127.1028031,37.5701913,127.1028031
37.5851339,127.09381,37.6000765,127.09381,37.6000765,127.1028031,37.5851339,127.1028031
37.6000765,127.09381,37.6150191,127.09381,37.6150191,127.1028031,37.6000765,127.1028031
37.6150191,127.09381,37.629961699999996,127.09381,37.629961699999996,127.1028031,37.6150191,127.1028031
37.6299617,127.09381,37.6449043,127.09381,37.6449043,127.1028031,37.6299617,127.1028031
37.6449043,127.09381,37.6598469,127.09381,37.6598469,127.1028031,37.6449043,127.1028031
37.6747895,127.09381,37.6897321,127.09381,37.6897321,127.1028031,37.6747895,127.1028031
37.4655931,127.1028031,37.4805357,127.1028031,37.4805357,127.1117962,37.4655931,127.1117962
37.4805357,127.1028031,37.495478299999995,127.1028031,37.495478299999995,127.1117962,37.4805357,127.1117962
37.4954783,127.1028031,37.5104209,127.1028031,37.5104209,127.1117962,37.4954783,127.1117962
37.5104209,127.1028031,37.5253635,127.1028031,37.5253635,127.1117962,37.5104209,127.1117962
37.5253635,127.1028031,37.540306099999995,127.1028031,37.540306099999995,127.1117962,37.5253635,127.1117962
37.5403061,127.1028031,37.5552487,127.1028031,37.5552487,127.1117962,37.5403061,127.1117962
37.5552487,127.1028031,37.5701913,127.1028031,37.5701913,127.1117962,37.5552487,127.1117962
37.5701913,127.1028031,37.585133899999995,127.1028031,37.585133899999995,127.1117962,37.5701913,127.1117962
37.5851339,127.1028031,37.6000765,127.1028031,37.6000765,127.1117962,37.5851339,127.1117962
37.6000765,127.1028031,37.6150191,127.1028031,37.6150191,127.1117962,37.6000765,127.1117962
37.6150191,127.1028031,37.629961699999996,127.1028031,37.629961699999996,127.1117962,37.6150191,127.1117962
37.6299617,127.1028031,37.6449043,127.1028031,37.6449043,127.1117962,37.6299617,127.1117962
37.6449043,127.1028031,37.6598469,127.1028031,37.6598469,127.1117962,37.6449043,127.1117962
37.4655931,127.1117962,37.4805357,127.1117962,37.4805357,127.1207893,37.4655931,127.1207893
37.4805357,127.1117962,37.495478299999995,127.1117962,37.495478299999995,127.1207893,37.4805357,127.1207893
37.4954783,127.1117962,37.5104209,127.1117962,37.5104209,127.1207893,37.4954783,127.1207893
37.5104209,127.1117962,37.5253635,127.1117962,37.5253635,127.1207893,37.5104209,127.1207893
37.5253635,127.1117962,37.540306099999995,127.1117962,37.540306099999995,127.1207893,37.5253635,127.1207893
37.5403061,127.1117962,37.5552487,127.1117962,37.5552487,127.1207893,37.5403061,127.1207893
37.5552487,127.1117962,37.5701913,127.1117962,37.5701913,127.1207893,37.5552487,127.1207893
37.6000765,127.1117962,37.6150191,127.1117962,37.6150191,127.1207893,37.6000765,127.1207893
37.6150191,127.1117962,37.629961699999996,127.1117962,37.629961699999996,127.1207893,37.6150191,127.1207893
37.4655931,127.1207893,37.4805357,127.1207893,37.4805357,127.1297824,37.4655931,127.1297824
37.4805357,127.1207893,37.495478299999995,127.1207893,37.495478299999995,127.1297824,37.4805357,127.1297824
37.4954783,127.1207893,37.5104209,127.1207893,37.5104209,127.1297824,37.4954783,127.1297824
37.5104209,127.1207893,37.5253635,127.1207893,37.5253635,127.1297824,37.5104209,127.1297824
37.5253635,127.1207893,37.540306099999995,127.1207893,37.540306099999995,127.1297824,37.5253635,127.1297824
37.5403061,127.1207893,37.5552487,127.1207893,37.5552487,127.1297824,37.5403061,127.1297824
37.5552487,127.1207893,37.5701913,127.1207893,37.5701913,127.1297824,37.5552487,127.1297824
37.4805357,127.1297824,37.495478299999995,127.1297824,37.495478299999995,127.1387755,37.4805357,127.1387755
37.4954783,127.1297824,37.5104209,127.1297824,37.5104209,127.1387755,37.4954783,127.1387755
37.5104209,127.1297824,37.5253635,127.1297824,37.5253635,127.1387755,37.5104209,127.1387755
37.5253635,127.1297824,37.540306099999995,127.1297824,37.540306099999995,127.1387755,37.5253635,127.1387755
37.5403061,127.1297824,37.5552487,127.1297824,37.5552487,127.1387755,37.5403061,127.1387755
37.5552487,127.1297824,37.5701913,127.1297824,37.5701913,127.1387755,37.5552487,127.1387755
37.4805357,127.1387755,37.495478299999995,127.1387755,37.495478299999995,127.14776859999999,37.4805357,127.14776859999999
37.4954783,127.1387755,37.5104209,127.1387755,37.5104209,127.14776859999999,37.4954783,127.14776859999999
37.5104209,127.1387755,37.5253635,127.1387755,37.5253635,127.14776859999999,37.5104209,127.14776859999999
37.5253635,127.1387755,37.540306099999995,127.1387755,37.540306099999995,127.14776859999999,37.5253635,127.14776859999999
37.5403061,127.1387755,37.5552487,127.1387755,37.5552487,127.14776859999999,37.5403061,127.14776859999999
37.5552487,127.1387755,37.5701913,127.1387755,37.5701913,127.14776859999999,37.5552487,127.14776859999999
37.4954783,127.1477686,37.5104209,127.1477686,37.5104209,127.1567617,37.4954783,127.1567617
37.5253635,127.1477686,37.540306099999995,127.1477686,37.540306099999995,127.1567617,37.5253635,127.1567617
37.5403061,127.1477686,37.5552487,127.1477686,37.5552487,127.1567617,37.5403061,127.1567617
37.5552487,127.1477686,37.5701913,127.1477686,37.5701913,127.1567617,37.5552487,127.1567617
37.4954783,127.1567617,37.5104209,127.1567617,37.5104209,127.1657548,37.4954783,127.1657548
37.5403061,127.1567617,37.5552487,127.1567617,37.5552487,127.1657548,37.5403061,127.1657548
37.5552487,127.1567617,37.5701913,127.1567617,37.5701913,127.1657548,37.5552487,127.1657548
37.5701913,127.1567617,37.585133899999995,127.1567617,37.585133899999995,127.1657548,37.5701913,127.1657548
37.5552487,127.1657548,37.5701913,127.1657548,37.5701913,127.1747479,37.5552487,127.1747479
37.5701913,127.1657548,37.585133899999995,127.1657548,37.585133899999995,127.1747479,37.5701913,127.1747479
37.5552487,127.1747479,37.5701913,127.1747479,37.5701913,127.183741,37.5552487,127.183741
37.5701913,127.1747479,37.585133899999995,127.1747479,37.585133899999995,127.183741,37.5701913,127.183741
